File Name,Point 1,Point 2,Point 3,Point 4,Point 5,Point 6,Point 7,Point 8,Point 9,Point 10,Point 11,Point 12,Point 13,Point 14,Point 15,Point 16,Point 17,Point 18,Point 19,Point 20,Point 21,Point 22,Point 23,Point 24,Point 25,Point 26,Point 27,Point 28,Point 29,Point 30,Point 31,Point 32,Point 33,Point 34,Point 35,Point 36,Point 37,Point 38,Point 39,Point 40,Point 41,Point 42,Point 43,Point 44,Point 45,Point 46,Point 47,Point 48,Point 49,Point 50,Point 51,Point 52,Point 53,Point 54,Point 55,Point 56,Point 57,Point 58,Point 59,Point 60,Point 61,Point 62,Point 63,Point 64,Point 65,Point 66,Point 67,Point 68
1.jpg,"(187,97)","(188,73)","(188,69)","(185,80)","(183,79)","(185,78)","(189,74)","(186,73)","(187,99)","(184,93)","(187,72)","(185,95)","(187,87)","(190,69)","(206,82)","(206,83)","(206,85)","(207,85)","(215,89)","(217,90)","(211,82)","(214,90)","(239,86)","(236,95)","(239,87)","(250,96)","(249,89)","(243,75)","(242,84)","(248,95)","(234,92)","(250,100)","(240,84)","(237,87)","(251,91)","(246,81)","(241,81)","(235,93)","(243,81)","(243,92)","(236,92)","(238,89)","(248,94)","(245,76)","(246,92)","(247,87)","(270,89)","(269,83)","(274,95)","(271,95)","(275,87)","(275,82)","(274,90)","(273,86)","(300,95)","(298,95)","(298,84)","(300,93)","(300,76)","(296,99)","(296,71)","(295,70)","(296,97)","(299,78)","(299,81)","(299,71)","(300,78)","(299,72)"
10.jpg,"(158,133)","(178,126)","(181,136)","(158,132)","(178,119)","(177,132)","(177,131)","(159,122)","(154,126)","(174,115)","(170,142)","(158,120)","(182,139)","(176,124)","(179,119)","(163,137)","(157,133)","(191,149)","(211,146)","(215,128)","(228,134)","(223,117)","(229,128)","(220,115)","(210,134)","(225,137)","(216,131)","(220,118)","(227,127)","(240,146)","(236,133)","(228,127)","(236,142)","(220,137)","(209,140)","(246,147)","(284,127)","(284,118)","(274,126)","(270,150)","(280,127)","(311,138)","(283,137)","(302,134)","(272,124)","(282,118)","(270,143)","(275,142)","(274,115)","(275,111)","(286,116)","(284,119)","(307,119)","(298,138)","(274,113)","(284,136)","(273,136)","(308,140)","(268,148)","(283,126)","(270,102)","(296,116)","(266,150)","(288,127)","(309,132)","(290,116)","(289,129)","(276,139)"
100.jpg,"(167,101)","(165,118)","(168,92)","(164,133)","(167,143)","(163,133)","(165,107)","(159,121)","(169,135)","(162,103)","(162,121)","(170,145)","(171,98)","(170,142)","(167,127)","(184,142)","(190,147)","(216,127)","(215,133)","(207,115)","(210,112)","(232,120)","(226,142)","(240,112)","(237,128)","(230,143)","(228,128)","(202,104)","(228,132)","(214,119)","(217,126)","(203,105)","(204,110)","(221,120)","(220,146)","(230,118)","(231,116)","(205,107)","(232,116)","(231,130)","(208,108)","(239,108)","(223,140)","(214,126)","(220,147)","(240,107)","(224,142)","(285,144)","(283,149)","(280,138)","(343,123)","(348,130)","(344,132)","(339,124)","(385,108)","(385,125)","(382,130)","(387,118)","(384,105)","(383,126)","(382,139)","(377,138)","(383,135)","(378,105)","(377,137)","(386,111)","(383,117)","(381,134)"
101.jpg,"(159,65)","(156,71)","(162,77)","(159,72)","(155,48)","(158,57)","(155,56)","(180,53)","(177,60)","(182,51)","(189,65)","(171,65)","(189,57)","(184,57)","(181,50)","(184,53)","(172,69)","(214,51)","(198,63)","(203,52)","(204,50)","(214,69)","(212,52)","(216,80)","(217,63)","(201,66)","(205,79)","(199,62)","(216,82)","(221,56)","(212,78)","(196,64)","(208,73)","(216,60)","(198,54)","(259,50)","(247,81)","(244,66)","(239,63)","(240,66)","(248,65)","(253,67)","(261,48)","(248,82)","(286,57)","(297,55)","(290,69)","(279,67)","(291,57)","(273,63)","(284,60)","(321,56)","(320,64)","(323,62)","(313,55)","(310,62)","(317,56)","(302,59)","(306,63)","(309,58)","(314,53)","(340,71)","(333,81)","(334,45)","(335,41)","(334,80)","(331,39)","(339,44)"
102.jpg,"(199,120)","(199,116)","(202,132)","(205,137)","(203,137)","(205,118)","(199,132)","(209,108)","(205,115)","(202,130)","(206,104)","(200,131)","(199,122)","(219,150)","(215,148)","(245,120)","(244,128)","(264,133)","(264,130)","(246,133)","(253,129)","(248,110)","(245,113)","(243,121)","(245,115)","(247,103)","(252,131)","(257,130)","(249,103)","(245,122)","(243,103)","(255,131)","(289,107)","(262,108)","(269,108)","(271,105)","(277,104)","(264,108)","(311,104)","(309,112)","(312,103)","(300,131)","(311,103)","(295,133)","(313,115)","(294,127)","(310,107)","(310,130)","(312,116)","(292,131)","(306,102)","(290,132)","(339,144)","(340,147)","(350,149)","(351,144)","(350,143)","(354,140)","(355,126)","(355,122)","(358,118)","(350,150)","(361,125)","(353,121)","(357,122)","(361,131)","(358,113)","(351,150)"
103.jpg,"(169,142)","(166,108)","(159,123)","(158,110)","(173,86)","(169,80)","(160,123)","(173,139)","(167,133)","(167,89)","(174,86)","(170,130)","(220,115)","(208,123)","(204,117)","(214,113)","(205,119)","(218,156)","(218,147)","(250,106)","(227,114)","(276,108)","(266,101)","(245,118)","(230,125)","(224,110)","(266,131)","(270,123)","(247,94)","(233,126)","(272,109)","(243,99)","(258,100)","(267,107)","(267,99)","(250,99)","(231,126)","(258,101)","(230,108)","(270,108)","(229,131)","(251,104)","(250,112)","(228,104)","(266,107)","(247,122)","(258,150)","(250,145)","(242,138)","(246,140)","(296,125)","(284,120)","(293,116)","(291,110)","(285,109)","(301,117)","(289,156)","(320,92)","(307,144)","(322,105)","(322,95)","(313,124)","(316,134)","(321,122)","(316,135)","(309,80)","(311,91)","(313,87)"
104.jpg,"(151,88)","(168,118)","(148,78)","(159,105)","(171,120)","(171,118)","(150,88)","(158,111)","(181,84)","(183,78)","(182,95)","(182,98)","(193,128)","(189,132)","(194,130)","(184,136)","(189,97)","(191,84)","(190,103)","(255,116)","(265,107)","(263,110)","(219,108)","(252,108)","(267,116)","(284,101)","(260,108)","(222,114)","(266,116)","(227,111)","(266,111)","(275,107)","(278,105)","(266,115)","(277,102)","(246,119)","(231,110)","(240,109)","(265,118)","(258,114)","(227,113)","(242,110)","(232,110)","(282,101)","(227,109)","(239,116)","(274,113)","(230,112)","(229,104)","(312,93)","(309,98)","(312,112)","(310,106)","(332,99)","(320,111)","(314,120)","(318,105)","(318,96)","(336,77)","(332,82)","(311,123)","(334,91)","(332,86)","(317,107)","(312,131)","(319,128)","(317,129)","(332,134)"
105.jpg,"(154,116)","(149,110)","(154,107)","(155,116)","(158,122)","(154,93)","(149,113)","(154,98)","(152,103)","(159,87)","(186,97)","(180,88)","(187,116)","(218,130)","(222,128)","(225,130)","(232,131)","(233,124)","(249,109)","(266,112)","(250,96)","(262,107)","(266,106)","(275,97)","(245,106)","(276,117)","(261,106)","(264,111)","(251,107)","(251,111)","(275,105)","(247,98)","(266,100)","(248,112)","(279,109)","(275,99)","(246,106)","(261,111)","(251,93)","(249,106)","(289,127)","(289,126)","(299,128)","(298,130)","(301,130)","(335,122)","(344,104)","(331,111)","(344,109)","(339,123)","(326,100)","(334,113)","(335,111)","(340,128)","(326,98)","(337,122)","(319,95)","(328,103)","(367,122)","(372,109)","(368,92)","(371,102)","(374,107)","(373,101)","(374,99)","(369,96)","(368,86)","(368,88)"
106.jpg,"(195,60)","(188,73)","(193,81)","(199,94)","(193,90)","(201,50)","(194,71)","(189,69)","(193,97)","(195,82)","(191,79)","(214,84)","(220,101)","(220,100)","(229,89)","(214,93)","(216,90)","(227,85)","(210,83)","(238,47)","(243,62)","(291,85)","(263,71)","(246,67)","(250,90)","(278,87)","(237,56)","(260,92)","(244,74)","(244,63)","(256,87)","(240,64)","(291,90)","(275,92)","(285,96)","(242,80)","(280,86)","(279,99)","(275,89)","(294,85)","(290,91)","(292,86)","(267,65)","(248,88)","(243,87)","(242,75)","(240,74)","(237,77)","(257,90)","(317,81)","(328,89)","(324,66)","(329,68)","(330,78)","(307,56)","(334,94)","(323,69)","(320,66)","(326,68)","(323,72)","(324,71)","(315,84)","(310,56)","(310,61)","(325,61)","(316,66)","(324,75)","(332,93)"
107.jpg,"(179,65)","(189,99)","(186,68)","(183,59)","(182,81)","(178,81)","(177,76)","(180,89)","(184,84)","(182,59)","(182,68)","(225,80)","(220,79)","(222,87)","(203,66)","(213,87)","(209,79)","(204,83)","(207,65)","(211,78)","(215,76)","(221,79)","(224,80)","(200,86)","(208,86)","(219,88)","(221,73)","(222,83)","(220,73)","(219,75)","(211,81)","(220,83)","(216,66)","(226,77)","(235,102)","(261,91)","(275,76)","(273,93)","(273,75)","(285,97)","(267,95)","(281,72)","(287,90)","(290,96)","(261,96)","(265,74)","(270,92)","(281,75)","(267,93)","(255,77)","(268,73)","(260,82)","(287,89)","(285,86)","(304,100)","(304,103)","(327,76)","(332,76)","(323,103)","(335,78)","(328,73)","(327,102)","(327,81)","(331,71)","(323,59)","(334,83)","(321,55)","(325,102)"
108.jpg,"(187,166)","(186,114)","(178,146)","(179,133)","(192,115)","(195,112)","(194,111)","(183,135)","(184,130)","(192,110)","(185,125)","(184,134)","(185,122)","(189,158)","(182,121)","(209,150)","(224,143)","(211,148)","(213,157)","(218,144)","(218,146)","(224,142)","(219,151)","(212,160)","(259,124)","(263,125)","(272,128)","(252,124)","(255,140)","(257,122)","(273,128)","(252,140)","(279,130)","(251,132)","(253,126)","(264,123)","(246,141)","(261,142)","(250,127)","(246,124)","(262,128)","(254,141)","(265,124)","(265,139)","(297,137)","(293,146)","(304,149)","(307,147)","(291,154)","(305,146)","(291,139)","(291,149)","(293,153)","(325,143)","(319,109)","(326,151)","(323,158)","(329,119)","(330,152)","(324,145)","(322,155)","(327,124)","(332,152)","(324,127)","(327,161)","(329,136)","(323,163)","(326,157)"
109.jpg,"(150,137)","(150,134)","(165,148)","(158,116)","(154,122)","(155,114)","(157,99)","(159,117)","(155,135)","(153,114)","(159,136)","(159,146)","(163,150)","(179,153)","(184,147)","(181,146)","(175,138)","(174,150)","(194,156)","(191,145)","(192,141)","(195,149)","(216,152)","(211,154)","(248,112)","(235,120)","(230,114)","(255,142)","(261,113)","(237,140)","(231,94)","(258,136)","(242,109)","(259,102)","(257,111)","(243,126)","(263,133)","(236,140)","(255,111)","(261,132)","(261,145)","(236,134)","(240,130)","(227,95)","(230,103)","(240,115)","(260,110)","(239,126)","(261,111)","(260,116)","(258,141)","(231,123)","(279,155)","(273,156)","(309,142)","(313,124)","(316,132)","(306,144)","(309,123)","(311,125)","(301,159)","(309,135)","(318,116)","(314,120)","(308,115)","(313,113)","(309,103)","(307,110)"
11.jpg,"(164,97)","(176,95)","(159,99)","(162,96)","(164,96)","(181,111)","(185,129)","(181,115)","(190,137)","(181,133)","(188,138)","(184,115)","(186,102)","(184,109)","(183,116)","(201,106)","(195,128)","(207,110)","(227,113)","(218,105)","(213,131)","(226,123)","(224,108)","(229,112)","(219,106)","(213,139)","(223,106)","(223,124)","(213,113)","(208,131)","(213,138)","(228,128)","(210,136)","(207,133)","(217,122)","(212,108)","(212,136)","(217,105)","(222,125)","(266,110)","(266,118)","(268,118)","(270,116)","(269,112)","(325,107)","(321,105)","(306,111)","(322,125)","(321,106)","(296,106)","(314,120)","(323,126)","(300,106)","(348,136)","(349,99)","(351,106)","(350,106)","(350,135)","(351,117)","(351,101)","(351,113)","(355,103)","(347,135)","(370,98)","(385,99)","(383,96)","(366,99)","(361,98)"
110.jpg,"(169,130)","(184,156)","(175,129)","(177,121)","(181,153)","(170,137)","(168,129)","(173,122)","(170,136)","(176,138)","(182,107)","(171,138)","(173,146)","(176,110)","(177,147)","(178,116)","(171,139)","(180,116)","(176,119)","(213,140)","(212,134)","(212,135)","(211,136)","(214,135)","(249,135)","(257,118)","(256,120)","(252,116)","(247,130)","(259,131)","(248,141)","(254,136)","(253,132)","(262,123)","(252,117)","(269,121)","(255,123)","(261,141)","(252,123)","(255,141)","(258,145)","(261,131)","(255,118)","(247,141)","(270,121)","(258,147)","(298,136)","(297,142)","(298,142)","(297,140)","(346,139)","(338,144)","(339,152)","(340,116)","(341,130)","(335,111)","(339,137)","(338,118)","(342,143)","(339,113)","(346,120)","(335,154)","(343,112)","(336,108)","(339,107)","(339,114)","(341,151)","(343,123)"
12.png,"(108,109)","(118,114)","(112,108)","(96,99)","(100,104)","(110,94)","(103,105)","(111,112)","(104,99)","(117,112)","(146,97)","(142,89)","(140,104)","(146,106)","(144,103)","(140,100)","(149,77)","(144,110)","(154,74)","(145,99)","(204,130)","(173,133)","(167,130)","(170,128)","(203,128)","(156,130)","(209,133)","(158,133)","(164,133)","(245,109)","(238,114)","(267,121)","(238,110)","(227,113)","(224,118)","(262,119)","(311,133)","(320,131)","(295,130)","(304,129)","(277,133)","(317,131)","(303,133)","(286,132)","(316,128)","(339,100)","(335,94)","(338,97)","(335,93)","(337,92)","(338,112)","(337,78)","(337,82)","(341,92)","(339,97)","(334,114)","(342,101)","(336,90)","(362,111)","(372,103)","(362,108)","(350,91)","(370,105)","(353,93)","(364,100)","(362,98)","(368,100)","(350,94)"
13.png,"(101,126)","(103,139)","(104,84)","(108,142)","(101,133)","(102,127)","(100,90)","(97,105)","(107,139)","(141,108)","(132,116)","(146,121)","(145,112)","(135,116)","(117,111)","(119,122)","(120,99)","(119,104)","(116,106)","(123,114)","(142,101)","(139,106)","(151,110)","(141,126)","(148,119)","(129,112)","(130,101)","(187,117)","(187,129)","(182,125)","(188,133)","(185,147)","(247,92)","(232,106)","(236,101)","(237,94)","(258,96)","(248,94)","(267,103)","(318,122)","(318,124)","(315,144)","(317,132)","(320,144)","(366,120)","(370,106)","(372,110)","(364,125)","(371,112)","(358,112)","(376,105)","(381,111)","(370,114)","(370,102)","(376,109)","(354,104)","(353,116)","(360,113)","(380,121)","(401,99)","(398,92)","(402,114)","(408,128)","(408,120)","(396,139)","(404,113)","(396,84)","(409,114)"
14.jpg,"(136,125)","(137,146)","(139,145)","(134,139)","(137,115)","(134,136)","(139,142)","(138,138)","(132,129)","(159,113)","(157,116)","(151,119)","(186,134)","(193,130)","(184,132)","(188,129)","(186,143)","(190,126)","(190,138)","(170,128)","(182,135)","(172,131)","(190,127)","(179,143)","(205,141)","(216,121)","(206,138)","(235,142)","(208,140)","(213,140)","(228,128)","(206,144)","(220,120)","(217,127)","(232,144)","(220,138)","(221,125)","(235,141)","(203,146)","(218,142)","(216,118)","(220,128)","(204,141)","(261,144)","(268,137)","(252,126)","(251,124)","(245,133)","(261,141)","(262,128)","(252,130)","(246,137)","(247,139)","(258,131)","(265,137)","(271,111)","(276,121)","(271,114)","(294,149)","(301,139)","(304,129)","(307,125)","(299,145)","(300,136)","(305,139)","(299,106)","(304,144)","(297,109)"
15.png,"(135,116)","(134,149)","(136,153)","(150,173)","(133,120)","(138,115)","(134,159)","(143,103)","(136,132)","(139,104)","(137,160)","(189,154)","(196,168)","(194,157)","(200,163)","(198,150)","(197,151)","(225,170)","(273,120)","(299,137)","(242,142)","(244,143)","(303,147)","(295,127)","(287,134)","(264,167)","(266,145)","(278,171)","(265,130)","(282,129)","(303,129)","(279,122)","(275,143)","(273,134)","(253,161)","(262,174)","(285,127)","(299,133)","(297,153)","(266,135)","(249,153)","(271,135)","(263,115)","(253,154)","(276,137)","(263,169)","(291,128)","(258,122)","(306,149)","(325,170)","(344,163)","(341,167)","(347,161)","(341,168)","(347,163)","(358,158)","(366,165)","(378,167)","(396,135)","(389,105)","(389,116)","(388,127)","(391,143)","(395,125)","(394,143)","(390,121)","(386,153)","(378,98)"
16.jpg,"(133,87)","(137,82)","(166,68)","(169,57)","(163,80)","(170,92)","(164,85)","(166,89)","(168,96)","(186,91)","(199,85)","(191,77)","(193,75)","(187,91)","(198,79)","(182,75)","(197,92)","(182,74)","(181,92)","(184,76)","(193,94)","(183,72)","(189,92)","(192,70)","(188,92)","(191,93)","(195,67)","(184,78)","(205,82)","(189,67)","(200,89)","(233,71)","(224,67)","(261,69)","(252,77)","(245,78)","(269,81)","(260,73)","(259,74)","(262,71)","(278,74)","(281,70)","(329,87)","(312,86)","(309,77)","(315,73)","(323,76)","(312,85)","(332,77)","(316,79)","(319,71)","(327,84)","(327,69)","(319,72)","(321,75)","(315,81)","(335,88)","(314,80)","(319,70)","(341,90)","(354,57)","(358,68)","(356,80)","(358,62)","(359,76)","(373,84)","(372,78)","(376,84)"
17.jpg,"(132,131)","(145,122)","(178,140)","(174,112)","(175,126)","(180,98)","(176,136)","(175,132)","(171,118)","(202,140)","(207,119)","(215,144)","(202,110)","(206,143)","(214,132)","(210,125)","(202,145)","(200,130)","(203,113)","(215,114)","(196,109)","(217,108)","(215,125)","(222,133)","(202,113)","(200,112)","(203,120)","(220,135)","(206,114)","(209,129)","(193,132)","(221,128)","(214,147)","(226,135)","(222,130)","(192,138)","(207,115)","(213,130)","(214,145)","(203,112)","(216,133)","(213,140)","(243,149)","(271,134)","(290,110)","(307,142)","(296,128)","(268,145)","(269,145)","(271,130)","(309,141)","(281,117)","(268,142)","(313,146)","(305,141)","(289,113)","(350,125)","(351,116)","(353,110)","(346,106)","(348,129)","(350,103)","(344,144)","(378,120)","(363,109)","(372,110)","(385,129)","(381,122)"
18.png,"(105,106)","(109,108)","(106,104)","(137,119)","(138,94)","(140,121)","(133,95)","(135,96)","(135,103)","(139,90)","(138,122)","(159,93)","(154,101)","(156,113)","(155,98)","(167,97)","(159,106)","(164,100)","(168,111)","(170,98)","(157,97)","(169,108)","(160,113)","(162,94)","(168,97)","(165,93)","(171,102)","(188,127)","(197,97)","(211,113)","(198,102)","(209,90)","(201,95)","(198,98)","(214,91)","(218,93)","(203,118)","(202,106)","(246,128)","(243,120)","(294,110)","(293,95)","(281,105)","(293,104)","(289,111)","(275,103)","(274,106)","(289,107)","(282,97)","(295,104)","(295,105)","(277,100)","(310,121)","(306,83)","(310,124)","(314,114)","(315,100)","(316,110)","(309,123)","(306,82)","(308,84)","(355,122)","(351,116)","(350,118)","(339,96)","(355,123)","(354,119)","(330,95)"
19.jpg,"(185,88)","(178,94)","(185,103)","(188,89)","(181,88)","(183,89)","(200,104)","(198,112)","(201,112)","(198,111)","(199,110)","(220,107)","(218,92)","(218,94)","(219,102)","(214,100)","(216,91)","(216,97)","(228,100)","(243,102)","(245,97)","(245,89)","(232,90)","(238,104)","(236,104)","(235,101)","(244,92)","(234,98)","(227,93)","(235,97)","(241,95)","(235,98)","(228,97)","(236,97)","(243,89)","(265,98)","(267,101)","(258,106)","(258,97)","(272,99)","(254,95)","(289,98)","(288,94)","(293,87)","(323,93)","(321,93)","(309,101)","(324,93)","(321,108)","(329,107)","(342,94)","(334,113)","(339,84)","(339,102)","(337,81)","(340,103)","(350,111)","(354,105)","(358,113)","(352,99)","(359,106)","(369,93)","(373,106)","(378,102)","(368,108)","(370,104)","(379,95)","(372,106)"
2.jpg,"(182,119)","(180,110)","(180,84)","(175,94)","(179,105)","(175,95)","(180,96)","(181,86)","(180,104)","(176,102)","(176,91)","(180,88)","(176,108)","(177,101)","(179,91)","(179,116)","(182,86)","(189,111)","(195,115)","(194,111)","(192,106)","(197,109)","(199,115)","(196,108)","(196,112)","(196,115)","(194,117)","(227,84)","(208,85)","(204,85)","(220,84)","(207,82)","(226,84)","(247,107)","(256,107)","(258,97)","(244,91)","(255,94)","(259,97)","(258,107)","(258,108)","(258,99)","(261,100)","(260,101)","(247,90)","(284,107)","(287,106)","(283,115)","(282,118)","(274,112)","(274,105)","(276,118)","(283,104)","(286,105)","(285,114)","(299,91)","(297,98)","(302,99)","(299,101)","(300,96)","(296,89)","(301,97)","(298,95)","(298,112)","(302,95)","(293,115)","(298,106)","(298,107)"
20.jpg,"(133,93)","(141,90)","(135,97)","(136,97)","(139,135)","(134,126)","(166,101)","(155,103)","(146,113)","(170,122)","(168,121)","(172,124)","(152,129)","(169,122)","(146,121)","(147,113)","(208,118)","(195,136)","(233,130)","(216,111)","(187,125)","(186,128)","(212,111)","(205,122)","(244,134)","(192,133)","(245,129)","(188,131)","(231,134)","(224,123)","(215,106)","(222,118)","(244,126)","(264,125)","(260,90)","(256,87)","(265,100)","(267,106)","(261,101)","(308,113)","(295,121)","(313,123)","(316,125)","(305,112)","(301,102)","(272,133)","(279,130)","(295,116)","(296,113)","(272,128)","(331,129)","(327,137)","(356,121)","(344,139)","(352,128)","(346,137)","(351,109)","(344,92)","(362,121)","(378,101)","(362,123)","(371,100)","(364,124)","(368,103)","(385,115)","(371,128)","(384,122)","(369,128)"
21.jpg,"(150,139)","(150,157)","(153,152)","(146,140)","(146,133)","(153,122)","(157,116)","(148,135)","(156,125)","(176,165)","(182,151)","(193,169)","(184,147)","(192,132)","(181,150)","(175,134)","(185,141)","(180,150)","(180,163)","(169,149)","(186,158)","(177,132)","(191,148)","(165,145)","(233,155)","(216,138)","(199,134)","(201,138)","(235,157)","(215,132)","(228,129)","(200,145)","(204,150)","(232,130)","(239,145)","(202,133)","(232,157)","(235,138)","(237,138)","(231,154)","(234,150)","(233,131)","(219,134)","(269,133)","(259,136)","(273,141)","(259,139)","(255,138)","(265,163)","(272,136)","(252,167)","(269,131)","(259,138)","(258,165)","(271,154)","(261,151)","(254,161)","(257,162)","(271,150)","(288,156)","(294,149)","(294,153)","(290,153)","(294,152)","(292,134)","(287,167)","(286,153)","(288,134)"
22.jpg,"(180,102)","(176,132)","(181,93)","(180,135)","(178,132)","(171,118)","(175,115)","(180,92)","(177,122)","(222,143)","(230,105)","(218,129)","(222,139)","(230,138)","(208,102)","(201,104)","(202,133)","(232,127)","(200,106)","(229,107)","(221,143)","(214,134)","(224,139)","(223,102)","(226,138)","(236,120)","(195,130)","(249,131)","(248,123)","(285,124)","(269,108)","(274,102)","(284,121)","(268,105)","(274,116)","(261,104)","(243,125)","(280,135)","(300,117)","(319,102)","(316,124)","(305,136)","(315,136)","(319,142)","(316,142)","(335,115)","(319,131)","(337,131)","(319,126)","(334,132)","(316,134)","(332,129)","(322,103)","(325,129)","(325,104)","(315,129)","(332,107)","(332,132)","(321,126)","(353,114)","(360,102)","(358,122)","(353,95)","(359,101)","(357,124)","(361,119)","(352,129)","(357,100)"
23.jpg,"(180,135)","(185,143)","(186,102)","(175,118)","(178,133)","(182,121)","(184,138)","(203,139)","(229,119)","(216,140)","(244,112)","(226,133)","(244,134)","(219,141)","(208,136)","(201,134)","(194,127)","(239,111)","(229,132)","(227,133)","(203,123)","(224,126)","(258,120)","(243,108)","(267,120)","(253,118)","(215,114)","(221,115)","(274,119)","(217,137)","(230,125)","(245,114)","(258,115)","(264,112)","(224,113)","(266,110)","(210,118)","(224,142)","(229,138)","(256,111)","(222,126)","(226,137)","(299,144)","(306,110)","(286,132)","(310,116)","(302,134)","(287,118)","(310,118)","(315,119)","(278,119)","(286,138)","(293,111)","(300,136)","(313,133)","(316,123)","(300,138)","(282,127)","(310,138)","(309,123)","(295,145)","(277,124)","(333,118)","(335,128)","(329,111)","(331,122)","(329,142)","(329,135)"
24.jpg,"(110,127)","(112,128)","(110,117)","(112,123)","(112,131)","(111,133)","(107,126)","(114,109)","(111,112)","(115,138)","(111,108)","(112,115)","(130,139)","(150,128)","(162,126)","(158,119)","(168,128)","(169,119)","(154,124)","(148,119)","(156,120)","(164,123)","(214,123)","(212,126)","(206,112)","(215,122)","(244,112)","(243,117)","(252,135)","(244,123)","(242,121)","(236,110)","(224,123)","(237,111)","(242,122)","(244,124)","(231,122)","(235,118)","(237,122)","(239,112)","(244,117)","(237,110)","(247,120)","(233,113)","(265,119)","(274,112)","(272,112)","(271,110)","(315,124)","(304,128)","(306,120)","(303,128)","(326,127)","(305,118)","(309,119)","(312,118)","(312,123)","(353,113)","(347,109)","(348,136)","(349,140)","(345,135)","(351,127)","(348,106)","(348,119)","(350,115)","(348,120)","(347,107)"
25.jpg,"(180,95)","(174,107)","(175,118)","(175,132)","(184,141)","(175,131)","(177,120)","(181,96)","(179,99)","(183,144)","(172,123)","(187,153)","(199,115)","(200,120)","(201,119)","(217,119)","(192,129)","(219,132)","(199,128)","(205,129)","(260,114)","(244,104)","(263,121)","(262,111)","(293,118)","(309,127)","(289,116)","(298,109)","(302,135)","(310,123)","(293,108)","(304,135)","(309,133)","(290,105)","(308,125)","(304,131)","(285,107)","(305,125)","(307,124)","(275,119)","(286,105)","(306,123)","(308,122)","(283,111)","(315,120)","(326,111)","(333,106)","(338,104)","(366,118)","(384,119)","(362,118)","(378,120)","(378,128)","(385,132)","(390,130)","(388,132)","(395,136)","(396,138)","(417,104)","(415,143)","(416,101)","(416,96)","(415,137)","(411,141)","(419,121)","(416,94)","(422,110)","(419,105)"
26.jpg,"(173,88)","(178,134)","(173,98)","(172,88)","(173,105)","(170,105)","(173,116)","(185,119)","(206,124)","(219,121)","(216,111)","(193,98)","(206,132)","(205,128)","(184,107)","(187,114)","(211,117)","(198,134)","(204,98)","(214,128)","(216,116)","(186,113)","(214,102)","(222,117)","(210,120)","(187,119)","(196,132)","(242,126)","(269,121)","(253,118)","(240,109)","(247,130)","(248,130)","(272,119)","(249,131)","(255,116)","(259,102)","(238,125)","(294,100)","(315,120)","(312,126)","(284,107)","(314,124)","(316,115)","(316,116)","(312,101)","(295,100)","(323,116)","(290,129)","(318,115)","(288,116)","(301,121)","(313,126)","(331,132)","(336,113)","(339,96)","(333,130)","(337,114)","(337,108)","(338,114)","(364,100)","(381,126)","(379,129)","(381,130)","(389,115)","(386,124)","(353,120)","(389,109)"
27.jpg,"(193,152)","(192,161)","(197,118)","(199,119)","(191,154)","(192,152)","(191,139)","(190,137)","(186,145)","(197,161)","(196,158)","(195,154)","(198,124)","(203,116)","(198,123)","(197,164)","(193,150)","(195,160)","(188,141)","(218,147)","(219,150)","(206,149)","(225,153)","(209,166)","(205,158)","(203,158)","(221,158)","(225,163)","(217,147)","(205,165)","(216,151)","(211,167)","(247,148)","(259,154)","(242,147)","(243,147)","(245,148)","(257,152)","(251,140)","(246,150)","(291,150)","(278,163)","(275,158)","(274,159)","(287,156)","(278,167)","(279,155)","(286,154)","(279,150)","(282,147)","(286,152)","(278,162)","(303,147)","(310,138)","(307,149)","(299,123)","(309,131)","(299,162)","(308,131)","(305,157)","(308,142)","(302,129)","(302,152)","(302,133)","(308,156)","(307,145)","(303,128)","(301,123)"
28.jpg,"(171,126)","(176,119)","(178,158)","(173,130)","(171,158)","(170,121)","(174,144)","(171,147)","(178,118)","(177,169)","(255,134)","(206,169)","(205,135)","(214,164)","(188,130)","(262,152)","(258,152)","(213,152)","(259,149)","(229,130)","(259,158)","(188,138)","(222,144)","(204,132)","(254,128)","(219,131)","(256,158)","(227,129)","(241,132)","(252,158)","(259,143)","(204,125)","(187,138)","(220,146)","(206,147)","(215,138)","(243,142)","(225,159)","(213,146)","(196,129)","(259,148)","(205,168)","(245,127)","(189,127)","(237,135)","(274,145)","(288,164)","(290,164)","(297,148)","(297,150)","(296,145)","(283,167)","(295,145)","(285,153)","(276,128)","(281,130)","(266,141)","(297,159)","(294,147)","(303,163)","(304,169)","(310,149)","(307,126)","(316,131)","(308,126)","(307,159)","(307,167)","(310,117)"
29.jpg,"(143,157)","(141,117)","(135,139)","(146,118)","(141,127)","(143,119)","(141,119)","(143,128)","(146,163)","(171,148)","(166,130)","(156,134)","(182,139)","(158,132)","(162,125)","(157,131)","(166,129)","(182,144)","(162,141)","(184,131)","(182,126)","(172,144)","(180,132)","(161,144)","(163,140)","(178,125)","(161,139)","(161,145)","(202,158)","(255,151)","(221,151)","(226,133)","(244,133)","(221,156)","(256,153)","(252,152)","(226,142)","(220,150)","(225,130)","(249,129)","(228,131)","(229,130)","(257,154)","(279,163)","(310,131)","(306,145)","(318,129)","(301,142)","(300,136)","(299,144)","(294,145)","(304,123)","(323,138)","(309,144)","(291,141)","(302,132)","(297,145)","(317,132)","(306,138)","(339,125)","(338,156)","(339,156)","(342,149)","(342,134)","(341,128)","(337,137)","(332,115)","(334,150)"
3.jpg,"(184,60)","(182,65)","(182,79)","(181,78)","(185,81)","(184,80)","(183,67)","(182,74)","(183,64)","(191,63)","(192,67)","(193,67)","(215,74)","(213,75)","(207,71)","(205,75)","(218,77)","(217,78)","(214,70)","(208,74)","(204,73)","(218,76)","(205,71)","(211,73)","(232,77)","(237,72)","(231,70)","(238,68)","(233,67)","(238,73)","(226,85)","(242,75)","(226,83)","(238,79)","(241,76)","(244,85)","(225,84)","(235,70)","(225,82)","(238,74)","(248,84)","(228,79)","(245,80)","(231,74)","(257,72)","(264,71)","(262,77)","(266,77)","(267,76)","(255,74)","(261,68)","(259,70)","(261,75)","(264,77)","(265,76)","(254,73)","(272,62)","(275,65)","(275,63)","(286,59)","(290,71)","(289,81)","(288,80)","(291,71)","(286,84)","(285,57)","(289,62)","(289,78)"
30.jpg,"(131,109)","(129,122)","(130,131)","(132,134)","(138,100)","(130,134)","(134,101)","(156,157)","(196,149)","(214,128)","(216,140)","(179,149)","(169,138)","(174,116)","(216,141)","(212,146)","(200,144)","(215,148)","(203,137)","(200,152)","(185,156)","(175,152)","(180,120)","(207,121)","(176,118)","(182,142)","(189,141)","(168,140)","(188,149)","(257,126)","(265,111)","(239,114)","(237,150)","(232,141)","(234,130)","(234,140)","(228,103)","(265,103)","(225,103)","(250,111)","(239,158)","(259,123)","(256,137)","(233,142)","(261,135)","(229,112)","(283,153)","(319,122)","(309,141)","(276,141)","(312,125)","(301,145)","(320,139)","(277,142)","(304,152)","(309,152)","(291,154)","(299,151)","(296,156)","(272,140)","(331,156)","(360,97)","(364,133)","(368,129)","(359,108)","(363,138)","(354,156)","(366,127)"
31.jpg,"(190,129)","(191,126)","(187,122)","(191,84)","(192,119)","(187,112)","(187,99)","(188,124)","(196,132)","(193,132)","(214,116)","(213,116)","(203,102)","(217,95)","(219,116)","(229,111)","(202,100)","(206,114)","(220,118)","(221,107)","(207,99)","(220,102)","(222,94)","(208,116)","(227,97)","(247,127)","(266,100)","(264,105)","(289,103)","(253,105)","(293,101)","(296,104)","(252,110)","(277,102)","(295,104)","(295,105)","(288,112)","(254,108)","(300,132)","(344,95)","(337,98)","(318,113)","(320,101)","(339,114)","(326,105)","(319,111)","(325,113)","(318,107)","(345,104)","(346,99)","(320,110)","(337,113)","(345,105)","(324,114)","(326,106)","(321,103)","(324,117)","(325,111)","(334,100)","(359,98)","(366,99)","(364,117)","(360,101)","(363,96)","(353,132)","(362,100)","(355,127)","(362,95)"
32.jpg,"(125,120)","(127,120)","(126,117)","(136,113)","(132,116)","(160,111)","(164,126)","(162,106)","(161,107)","(161,96)","(164,127)","(162,125)","(160,113)","(161,114)","(158,111)","(165,97)","(162,107)","(164,90)","(161,93)","(159,111)","(157,118)","(161,105)","(163,120)","(160,102)","(194,114)","(193,118)","(192,115)","(244,123)","(230,114)","(245,109)","(227,109)","(244,125)","(241,124)","(241,112)","(228,113)","(231,107)","(246,122)","(234,112)","(244,126)","(238,112)","(271,112)","(277,112)","(279,116)","(305,129)","(312,131)","(325,120)","(324,94)","(323,97)","(321,87)","(327,125)","(326,98)","(326,116)","(327,120)","(328,120)","(327,101)","(329,107)","(325,110)","(328,107)","(349,125)","(353,105)","(360,105)","(350,125)","(357,122)","(359,110)","(356,121)","(370,130)","(371,120)","(370,123)"
33.jpg,"(157,112)","(164,94)","(163,85)","(161,110)","(160,117)","(161,95)","(162,102)","(241,91)","(255,88)","(233,108)","(259,123)","(258,125)","(189,96)","(252,110)","(238,107)","(212,116)","(237,127)","(258,121)","(216,120)","(213,118)","(210,97)","(195,119)","(199,117)","(258,106)","(192,101)","(200,96)","(235,110)","(205,99)","(234,136)","(237,116)","(251,127)","(255,105)","(239,134)","(254,100)","(242,89)","(257,136)","(256,110)","(208,108)","(258,123)","(231,129)","(238,139)","(205,101)","(190,100)","(226,126)","(232,127)","(194,114)","(259,84)","(245,82)","(286,125)","(286,123)","(297,88)","(304,110)","(294,89)","(298,95)","(296,92)","(304,115)","(299,105)","(313,119)","(324,99)","(318,92)","(330,99)","(310,104)","(309,99)","(312,106)","(326,115)","(308,100)","(322,119)","(310,102)"
34.jpg,"(112,137)","(124,105)","(110,133)","(111,143)","(114,130)","(118,111)","(111,118)","(119,155)","(117,137)","(133,140)","(143,147)","(154,147)","(166,150)","(168,144)","(182,146)","(186,136)","(193,159)","(209,149)","(210,151)","(201,158)","(207,147)","(206,147)","(239,121)","(240,132)","(219,122)","(253,131)","(241,142)","(220,137)","(240,128)","(220,130)","(256,140)","(219,135)","(249,150)","(223,132)","(260,142)","(255,134)","(241,144)","(234,139)","(253,145)","(246,123)","(219,143)","(238,124)","(260,139)","(257,142)","(258,136)","(277,143)","(277,156)","(267,154)","(278,156)","(281,160)","(279,151)","(289,137)","(292,138)","(315,134)","(311,150)","(325,141)","(326,139)","(344,137)","(342,140)","(359,154)","(361,118)","(361,128)","(360,159)","(361,115)","(363,154)","(359,111)","(362,155)","(361,120)"
35.jpg,"(179,170)","(175,159)","(175,164)","(182,176)","(181,122)","(177,176)","(172,165)","(167,149)","(183,118)","(187,167)","(200,162)","(193,154)","(198,161)","(193,175)","(224,132)","(221,131)","(209,149)","(254,143)","(240,131)","(236,131)","(220,132)","(214,152)","(274,155)","(276,163)","(271,167)","(273,160)","(267,159)","(308,167)","(314,161)","(305,165)","(323,161)","(286,151)","(304,148)","(286,149)","(319,152)","(321,148)","(317,148)","(323,133)","(302,163)","(306,162)","(287,157)","(305,136)","(289,162)","(312,176)","(320,146)","(319,135)","(310,138)","(283,157)","(317,149)","(320,156)","(293,136)","(302,165)","(313,140)","(313,173)","(318,128)","(319,166)","(316,130)","(295,144)","(297,153)","(347,176)","(358,162)","(343,175)","(354,158)","(359,142)","(355,144)","(355,166)","(356,154)","(354,134)"
36.jpg,"(165,131)","(170,125)","(173,159)","(172,162)","(173,120)","(174,115)","(172,155)","(183,149)","(201,163)","(206,126)","(212,139)","(184,138)","(200,130)","(201,132)","(204,161)","(192,128)","(219,150)","(212,161)","(193,129)","(221,139)","(214,128)","(223,147)","(203,150)","(199,139)","(210,157)","(206,138)","(209,129)","(206,134)","(216,154)","(183,142)","(195,160)","(201,143)","(250,135)","(242,136)","(251,140)","(238,138)","(239,142)","(240,129)","(236,128)","(304,142)","(272,135)","(296,156)","(269,139)","(309,148)","(301,142)","(292,141)","(280,130)","(283,159)","(301,161)","(299,136)","(307,149)","(281,159)","(300,154)","(284,129)","(305,144)","(306,146)","(303,156)","(295,143)","(272,149)","(299,148)","(284,135)","(324,132)","(327,136)","(325,124)","(316,160)","(322,146)","(323,142)","(322,128)"
37.jpg,"(138,87)","(140,96)","(136,78)","(143,108)","(142,67)","(152,105)","(156,105)","(200,105)","(198,103)","(198,80)","(201,93)","(184,86)","(209,86)","(185,84)","(195,90)","(188,77)","(204,97)","(194,92)","(183,78)","(176,104)","(199,83)","(192,75)","(194,87)","(207,92)","(243,72)","(254,75)","(251,85)","(247,87)","(224,109)","(217,87)","(243,98)","(240,95)","(243,70)","(232,87)","(259,85)","(218,81)","(223,109)","(261,89)","(259,86)","(254,101)","(278,86)","(298,104)","(277,90)","(283,88)","(312,92)","(309,98)","(303,103)","(292,109)","(311,91)","(293,89)","(281,87)","(312,91)","(290,102)","(276,101)","(293,78)","(277,99)","(274,90)","(287,84)","(292,92)","(302,89)","(275,95)","(282,75)","(320,104)","(343,74)","(337,106)","(340,69)","(334,61)","(345,76)"
38.jpg,"(179,126)","(179,128)","(176,128)","(181,137)","(175,118)","(173,110)","(174,101)","(180,103)","(174,112)","(173,106)","(201,116)","(204,124)","(209,111)","(198,121)","(207,123)","(217,114)","(192,112)","(215,120)","(217,120)","(211,119)","(217,108)","(202,115)","(218,108)","(215,107)","(203,123)","(202,109)","(199,123)","(216,104)","(201,122)","(213,103)","(204,105)","(232,127)","(232,124)","(230,114)","(229,126)","(228,113)","(262,105)","(291,116)","(301,127)","(302,123)","(299,117)","(299,114)","(311,108)","(322,102)","(326,110)","(314,122)","(337,119)","(324,116)","(331,104)","(327,127)","(326,127)","(313,121)","(318,121)","(333,102)","(319,102)","(319,123)","(316,124)","(308,118)","(348,91)","(342,92)","(350,123)","(351,135)","(356,108)","(353,123)","(354,109)","(354,121)","(348,134)","(352,132)"
39.jpg,"(157,134)","(164,169)","(150,113)","(159,106)","(162,105)","(149,142)","(155,110)","(181,164)","(260,127)","(220,161)","(201,133)","(313,142)","(291,134)","(316,146)","(363,118)","(273,144)","(311,147)","(266,153)","(238,165)","(210,132)","(271,130)","(314,137)","(212,119)","(348,115)","(349,119)","(276,147)","(200,145)","(334,144)","(218,164)","(213,155)","(285,117)","(346,113)","(291,125)","(229,119)","(368,157)","(309,150)","(272,140)","(245,165)","(365,119)","(244,161)","(302,116)","(334,130)","(209,129)","(336,165)","(209,155)","(372,134)","(354,116)","(309,118)","(331,135)","(222,163)","(226,165)","(358,115)","(245,126)","(376,138)","(272,114)","(326,128)","(362,167)","(264,123)","(241,142)","(364,143)","(389,167)","(420,104)","(427,123)","(420,112)","(434,146)","(431,118)","(423,147)","(431,131)"
4.jpg,"(157,84)","(161,94)","(154,78)","(150,69)","(152,71)","(158,88)","(158,87)","(173,69)","(179,66)","(186,83)","(175,77)","(166,65)","(178,67)","(165,81)","(163,73)","(176,66)","(169,77)","(174,79)","(181,76)","(176,63)","(179,74)","(180,81)","(175,83)","(186,72)","(185,77)","(177,87)","(179,78)","(185,80)","(169,71)","(184,78)","(213,62)","(215,66)","(246,71)","(233,65)","(240,65)","(235,72)","(232,69)","(249,76)","(225,77)","(248,73)","(259,67)","(269,62)","(290,67)","(300,61)","(306,75)","(289,81)","(306,77)","(294,74)","(302,67)","(287,69)","(309,66)","(291,71)","(301,80)","(294,81)","(299,87)","(297,87)","(305,84)","(303,79)","(303,67)","(294,63)","(288,67)","(316,81)","(328,80)","(329,58)","(333,81)","(327,82)","(330,69)","(330,72)"
40.jpg,"(177,122)","(171,140)","(167,147)","(164,146)","(175,169)","(169,128)","(169,166)","(168,155)","(170,137)","(166,156)","(164,153)","(170,133)","(168,163)","(204,164)","(210,157)","(214,156)","(216,160)","(215,161)","(205,168)","(217,156)","(198,154)","(205,157)","(242,148)","(243,142)","(262,147)","(240,143)","(238,150)","(257,163)","(237,136)","(247,145)","(246,141)","(241,141)","(230,160)","(242,155)","(257,150)","(240,154)","(227,155)","(255,139)","(238,149)","(233,137)","(226,138)","(245,143)","(237,133)","(263,146)","(246,144)","(231,155)","(240,146)","(279,162)","(276,166)","(282,162)","(271,166)","(273,156)","(282,161)","(275,162)","(275,158)","(282,167)","(305,142)","(302,134)","(306,148)","(301,143)","(302,141)","(297,170)","(301,167)","(304,163)","(302,155)","(298,160)","(302,138)","(304,143)"
41.jpg,"(178,110)","(182,103)","(180,111)","(179,109)","(180,92)","(180,98)","(185,123)","(177,97)","(187,123)","(183,85)","(183,116)","(178,99)","(183,114)","(213,105)","(201,100)","(209,110)","(213,117)","(223,101)","(219,105)","(203,104)","(209,104)","(200,102)","(210,111)","(213,108)","(203,100)","(243,122)","(247,122)","(249,123)","(281,107)","(262,110)","(277,109)","(257,114)","(261,108)","(267,110)","(274,98)","(284,117)","(260,107)","(262,114)","(282,118)","(263,110)","(263,111)","(285,111)","(271,99)","(283,99)","(257,117)","(284,102)","(281,112)","(285,112)","(257,107)","(284,100)","(260,112)","(272,111)","(314,87)","(299,121)","(305,123)","(306,123)","(315,114)","(316,109)","(316,116)","(315,92)","(312,84)","(318,91)","(321,103)","(316,101)","(317,119)","(296,120)","(296,121)","(311,121)"
42.jpg,"(173,140)","(174,133)","(174,112)","(174,125)","(177,120)","(170,122)","(175,126)","(178,145)","(176,139)","(172,134)","(174,140)","(170,129)","(214,115)","(208,122)","(196,111)","(213,127)","(195,114)","(218,120)","(190,125)","(205,113)","(206,114)","(203,115)","(211,122)","(204,121)","(206,122)","(203,126)","(211,117)","(201,129)","(195,127)","(217,113)","(217,125)","(200,126)","(211,121)","(215,112)","(232,147)","(233,143)","(253,120)","(275,117)","(254,130)","(280,142)","(286,119)","(271,143)","(265,121)","(289,123)","(262,139)","(275,121)","(260,140)","(260,121)","(257,129)","(268,140)","(259,135)","(285,137)","(256,123)","(253,134)","(261,142)","(312,145)","(334,109)","(335,134)","(336,135)","(335,123)","(335,121)","(328,99)","(333,140)","(330,133)","(323,150)","(332,110)","(334,124)","(337,131)"
43.jpg,"(151,119)","(150,116)","(153,87)","(146,104)","(150,103)","(147,108)","(150,92)","(150,95)","(147,102)","(150,114)","(148,111)","(145,103)","(153,121)","(149,96)","(147,107)","(153,124)","(177,117)","(184,118)","(182,107)","(173,118)","(177,111)","(177,118)","(178,111)","(171,118)","(179,99)","(179,109)","(180,109)","(185,128)","(170,129)","(184,127)","(195,129)","(177,129)","(236,105)","(220,111)","(225,110)","(207,102)","(225,112)","(208,103)","(240,105)","(243,102)","(268,104)","(267,107)","(266,99)","(265,102)","(266,110)","(251,119)","(267,100)","(265,116)","(264,111)","(266,112)","(261,118)","(267,127)","(253,129)","(264,128)","(269,128)","(273,127)","(299,107)","(300,113)","(300,109)","(300,115)","(295,124)","(296,114)","(292,125)","(300,94)","(299,110)","(298,94)","(300,107)","(298,99)"
44.jpg,"(167,96)","(170,99)","(166,108)","(164,117)","(153,130)","(173,90)","(164,111)","(175,87)","(196,116)","(199,92)","(200,96)","(192,110)","(201,121)","(199,117)","(202,128)","(194,117)","(213,107)","(233,112)","(230,108)","(216,107)","(222,113)","(227,116)","(231,107)","(229,108)","(228,101)","(223,99)","(220,110)","(247,94)","(264,116)","(242,116)","(241,99)","(264,100)","(248,94)","(247,100)","(244,99)","(240,109)","(262,100)","(261,97)","(256,116)","(259,106)","(240,110)","(257,115)","(248,116)","(245,116)","(262,107)","(283,118)","(278,117)","(278,100)","(282,119)","(279,100)","(290,106)","(280,118)","(304,94)","(325,117)","(321,85)","(320,129)","(320,111)","(318,118)","(325,97)","(321,110)","(324,89)","(316,125)","(354,108)","(358,112)","(337,95)","(363,124)","(357,109)","(361,116)"
45.jpg,"(205,138)","(218,133)","(241,94)","(195,112)","(233,138)","(211,96)","(193,131)","(201,133)","(190,102)","(236,100)","(199,133)","(243,128)","(239,120)","(207,126)","(212,107)","(203,138)","(218,127)","(193,122)","(204,123)","(197,111)","(238,98)","(209,122)","(217,97)","(218,131)","(230,100)","(212,133)","(236,132)","(223,93)","(298,131)","(276,115)","(259,129)","(253,109)","(274,133)","(298,129)","(319,102)","(293,112)","(329,109)","(310,109)","(308,131)","(255,108)","(315,127)","(329,97)","(305,100)","(322,119)","(299,95)","(318,108)","(319,143)","(334,99)","(287,100)","(259,107)","(282,101)","(287,112)","(250,107)","(298,118)","(317,125)","(334,100)","(254,132)","(297,140)","(272,108)","(296,139)","(254,120)","(260,117)","(330,122)","(304,96)","(302,140)","(320,97)","(273,119)","(319,127)"
46.jpg,"(167,122)","(171,131)","(170,141)","(173,145)","(174,126)","(176,92)","(169,103)","(174,141)","(169,130)","(177,99)","(181,150)","(174,134)","(172,116)","(171,138)","(190,145)","(196,148)","(213,101)","(214,102)","(215,109)","(209,133)","(263,114)","(246,122)","(249,123)","(231,109)","(227,123)","(232,134)","(228,120)","(247,131)","(269,114)","(262,136)","(247,127)","(248,130)","(256,106)","(254,106)","(240,108)","(243,125)","(232,131)","(261,133)","(230,119)","(253,105)","(266,108)","(259,138)","(261,134)","(259,109)","(249,118)","(227,119)","(230,105)","(226,118)","(262,110)","(279,101)","(278,106)","(277,102)","(278,136)","(301,145)","(298,143)","(328,132)","(328,120)","(325,101)","(329,133)","(323,111)","(321,98)","(327,136)","(330,126)","(329,118)","(324,140)","(325,102)","(321,103)","(315,92)"
47.jpg,"(150,102)","(151,122)","(154,91)","(146,96)","(148,103)","(155,125)","(152,119)","(155,86)","(149,111)","(148,95)","(147,118)","(151,91)","(150,103)","(146,115)","(168,121)","(169,127)","(193,120)","(210,98)","(188,105)","(191,106)","(194,123)","(208,104)","(180,100)","(198,106)","(191,119)","(198,120)","(194,118)","(201,122)","(210,99)","(188,114)","(198,115)","(183,100)","(206,97)","(185,110)","(190,111)","(183,95)","(186,113)","(192,114)","(210,100)","(203,107)","(207,105)","(191,117)","(208,102)","(200,113)","(192,118)","(187,100)","(243,127)","(242,128)","(241,123)","(284,109)","(285,109)","(290,109)","(288,109)","(289,115)","(318,115)","(316,113)","(320,118)","(316,110)","(318,96)","(322,104)","(316,107)","(315,92)","(316,105)","(320,107)","(311,88)","(322,108)","(320,101)","(315,125)"
48.jpg,"(156,101)","(166,99)","(161,95)","(163,102)","(177,137)","(185,135)","(182,140)","(202,98)","(194,112)","(195,132)","(195,124)","(198,102)","(189,113)","(197,132)","(201,136)","(214,134)","(195,100)","(197,133)","(200,95)","(194,122)","(227,130)","(257,103)","(238,114)","(263,123)","(264,115)","(239,113)","(236,122)","(268,104)","(238,118)","(262,101)","(259,99)","(267,124)","(257,101)","(256,99)","(254,108)","(253,106)","(258,100)","(249,101)","(264,114)","(266,119)","(264,109)","(254,119)","(252,115)","(267,115)","(268,114)","(240,102)","(261,121)","(276,132)","(281,132)","(298,133)","(292,135)","(289,133)","(310,120)","(306,100)","(301,135)","(311,109)","(312,105)","(307,136)","(314,121)","(312,126)","(306,99)","(326,135)","(321,141)","(324,137)","(338,102)","(336,104)","(331,96)","(337,93)"
49.jpg,"(161,94)","(165,85)","(168,133)","(160,105)","(164,87)","(160,106)","(163,114)","(161,114)","(167,83)","(166,97)","(198,110)","(179,112)","(189,110)","(178,112)","(197,84)","(191,81)","(202,74)","(192,111)","(193,82)","(186,111)","(201,74)","(206,83)","(201,104)","(188,95)","(192,106)","(206,105)","(175,113)","(216,113)","(206,111)","(235,87)","(252,86)","(229,88)","(231,86)","(240,87)","(227,86)","(234,85)","(296,92)","(321,111)","(297,97)","(309,88)","(299,102)","(306,77)","(298,88)","(318,109)","(305,115)","(296,105)","(278,108)","(298,78)","(290,101)","(307,98)","(307,101)","(304,93)","(294,77)","(293,101)","(280,113)","(307,104)","(291,83)","(291,94)","(303,82)","(331,96)","(332,126)","(335,86)","(333,133)","(338,115)","(340,120)","(336,123)","(334,87)","(334,94)"
5.jpg,"(214,96)","(224,87)","(208,68)","(209,72)","(212,102)","(214,102)","(208,69)","(198,79)","(210,72)","(221,86)","(198,83)","(194,84)","(214,106)","(221,76)","(212,77)","(219,106)","(210,71)","(196,90)","(206,100)","(216,105)","(216,95)","(201,94)","(197,85)","(213,78)","(221,81)","(206,79)","(196,85)","(217,105)","(203,96)","(233,83)","(245,81)","(249,92)","(245,76)","(248,86)","(247,83)","(235,78)","(241,85)","(251,88)","(231,94)","(239,76)","(242,79)","(244,80)","(227,92)","(262,91)","(262,76)","(273,86)","(274,76)","(258,89)","(281,107)","(270,82)","(276,101)","(280,105)","(272,83)","(258,84)","(283,76)","(283,92)","(282,88)","(264,75)","(273,85)","(273,79)","(284,82)","(264,93)","(267,102)","(260,83)","(270,100)","(266,95)","(285,80)","(273,73)"
50.jpg,"(198,84)","(202,93)","(194,72)","(203,97)","(198,75)","(202,68)","(204,57)","(199,87)","(200,59)","(199,74)","(201,97)","(194,83)","(205,57)","(195,82)","(216,69)","(229,94)","(229,83)","(215,82)","(210,74)","(211,78)","(235,89)","(219,79)","(225,85)","(223,88)","(217,72)","(213,75)","(213,81)","(220,73)","(221,71)","(212,79)","(226,89)","(222,85)","(227,83)","(234,86)","(257,61)","(241,64)","(260,61)","(269,63)","(270,61)","(256,64)","(240,63)","(255,61)","(244,64)","(295,92)","(287,83)","(285,90)","(286,94)","(295,84)","(296,86)","(296,87)","(285,87)","(296,97)","(284,88)","(293,99)","(306,87)","(310,82)","(312,81)","(308,91)","(307,78)","(311,74)","(303,63)","(307,72)","(308,67)","(307,65)","(306,69)","(306,65)","(311,69)","(307,91)"
51.jpg,"(159,122)","(162,113)","(156,119)","(165,102)","(159,126)","(158,116)","(164,139)","(165,107)","(183,107)","(177,134)","(201,148)","(225,110)","(218,152)","(211,102)","(261,99)","(211,105)","(213,149)","(233,142)","(253,111)","(258,149)","(216,144)","(235,143)","(260,132)","(212,93)","(228,108)","(232,150)","(227,152)","(250,112)","(223,104)","(262,99)","(255,144)","(244,109)","(235,114)","(224,117)","(221,125)","(214,95)","(232,141)","(242,111)","(212,110)","(245,149)","(223,106)","(213,91)","(258,117)","(223,152)","(219,121)","(258,127)","(233,146)","(234,127)","(273,108)","(272,94)","(270,125)","(270,95)","(292,146)","(283,146)","(295,142)","(276,145)","(281,121)","(280,119)","(278,95)","(276,91)","(316,106)","(314,143)","(315,118)","(316,116)","(314,135)","(313,132)","(311,133)","(310,100)"
52.jpg,"(252,114)","(272,114)","(260,96)","(213,131)","(212,127)","(273,91)","(276,84)","(245,90)","(211,95)","(250,130)","(207,118)","(274,106)","(276,126)","(227,93)","(230,92)","(255,130)","(226,128)","(258,127)","(275,126)","(230,100)","(213,93)","(248,87)","(217,132)","(275,107)","(248,88)","(230,94)","(227,131)","(208,114)","(234,106)","(230,127)","(254,122)","(206,104)","(276,109)","(276,85)","(233,103)","(236,120)","(274,105)","(239,94)","(248,101)","(247,95)","(262,130)","(269,94)","(228,97)","(247,97)","(204,107)","(259,129)","(268,93)","(319,92)","(289,120)","(311,120)","(292,120)","(312,99)","(319,121)","(292,102)","(321,113)","(288,109)","(298,132)","(316,116)","(320,112)","(307,93)","(293,94)","(295,101)","(315,107)","(307,95)","(317,109)","(298,97)","(315,121)","(300,132)"
53.jpg,"(160,104)","(164,87)","(163,111)","(161,105)","(169,72)","(163,95)","(170,116)","(160,94)","(160,101)","(163,101)","(162,93)","(165,106)","(164,102)","(159,92)","(166,95)","(159,89)","(162,83)","(195,114)","(199,116)","(213,104)","(213,98)","(218,94)","(212,99)","(213,95)","(213,102)","(212,103)","(225,75)","(223,80)","(221,78)","(242,98)","(246,96)","(234,95)","(249,98)","(249,111)","(246,98)","(240,99)","(245,108)","(249,114)","(231,94)","(235,98)","(245,109)","(236,104)","(265,100)","(267,97)","(268,97)","(267,98)","(264,104)","(272,99)","(262,107)","(274,78)","(271,75)","(280,80)","(273,77)","(284,114)","(279,119)","(318,116)","(324,94)","(324,107)","(322,107)","(319,81)","(320,84)","(323,103)","(319,106)","(326,91)","(321,83)","(322,103)","(314,74)","(315,78)"
54.jpg,"(155,100)","(151,111)","(153,131)","(154,110)","(156,98)","(150,127)","(145,125)","(154,97)","(150,117)","(204,149)","(180,145)","(198,151)","(179,144)","(206,126)","(203,117)","(209,125)","(183,112)","(186,110)","(182,116)","(193,139)","(204,115)","(186,114)","(191,136)","(179,128)","(197,112)","(237,100)","(259,104)","(263,103)","(253,100)","(249,129)","(248,111)","(233,117)","(235,116)","(226,117)","(244,112)","(239,148)","(233,113)","(237,136)","(241,146)","(300,145)","(294,147)","(315,135)","(316,118)","(297,149)","(286,151)","(315,140)","(313,124)","(287,150)","(317,118)","(308,142)","(314,134)","(318,132)","(313,112)","(319,118)","(305,97)","(308,149)","(297,130)","(284,139)","(279,111)","(273,118)","(292,126)","(278,120)","(282,139)","(278,114)","(294,135)","(272,116)","(275,127)","(276,113)"
55.jpg,"(171,108)","(168,115)","(171,113)","(173,103)","(175,134)","(172,98)","(177,139)","(172,137)","(177,134)","(171,114)","(185,133)","(189,124)","(197,129)","(197,128)","(193,129)","(213,138)","(256,110)","(240,130)","(241,125)","(235,117)","(224,101)","(257,107)","(238,132)","(228,135)","(228,134)","(251,120)","(261,133)","(231,138)","(265,131)","(242,130)","(255,143)","(256,131)","(235,116)","(242,137)","(256,123)","(243,120)","(262,135)","(255,111)","(253,105)","(243,127)","(256,103)","(254,128)","(252,125)","(257,116)","(256,111)","(265,129)","(259,120)","(239,120)","(258,111)","(257,143)","(230,115)","(255,129)","(278,137)","(300,135)","(302,133)","(291,137)","(291,125)","(289,133)","(318,134)","(316,103)","(319,131)","(323,120)","(320,102)","(317,95)","(313,99)","(324,113)","(322,105)","(321,104)"
56.jpg,"(191,106)","(196,116)","(196,115)","(194,95)","(196,96)","(190,98)","(194,93)","(194,84)","(202,80)","(190,105)","(198,117)","(194,116)","(197,111)","(212,93)","(211,89)","(219,101)","(207,87)","(217,104)","(207,91)","(213,99)","(227,120)","(221,114)","(243,116)","(242,115)","(256,111)","(260,100)","(249,96)","(251,92)","(248,101)","(253,99)","(267,116)","(245,105)","(252,95)","(253,111)","(268,125)","(259,96)","(261,105)","(269,122)","(261,109)","(252,111)","(261,111)","(266,117)","(261,103)","(290,117)","(283,122)","(301,118)","(299,116)","(300,112)","(311,115)","(314,115)","(314,116)","(304,109)","(308,113)","(312,116)","(332,108)","(326,95)","(331,92)","(329,95)","(325,115)","(325,81)","(330,87)","(324,122)","(325,84)","(326,83)","(320,123)","(331,100)","(323,114)","(331,105)"
57.jpg,"(152,128)","(145,118)","(152,95)","(149,115)","(154,85)","(153,134)","(144,105)","(172,134)","(207,118)","(208,124)","(199,121)","(221,126)","(224,109)","(202,121)","(181,113)","(192,101)","(201,117)","(195,97)","(214,122)","(218,126)","(206,123)","(219,126)","(196,131)","(197,105)","(216,103)","(186,120)","(213,106)","(201,106)","(214,108)","(217,107)","(188,104)","(215,97)","(219,118)","(191,101)","(277,89)","(270,84)","(242,84)","(270,85)","(286,114)","(295,100)","(320,101)","(295,117)","(290,126)","(314,117)","(318,125)","(299,114)","(285,112)","(323,123)","(313,120)","(302,95)","(296,132)","(297,128)","(290,124)","(316,118)","(303,103)","(305,118)","(308,105)","(305,105)","(319,126)","(316,128)","(358,135)","(394,127)","(395,88)","(398,88)","(400,115)","(395,128)","(398,128)","(399,100)"
58.jpg,"(131,139)","(127,118)","(131,140)","(125,106)","(136,139)","(127,110)","(130,101)","(172,120)","(178,138)","(175,127)","(177,133)","(180,135)","(230,127)","(234,103)","(223,112)","(247,118)","(236,124)","(209,110)","(228,124)","(237,103)","(211,124)","(225,121)","(253,116)","(221,104)","(235,127)","(228,118)","(209,123)","(229,102)","(242,121)","(210,120)","(231,120)","(201,119)","(221,128)","(245,106)","(237,140)","(214,137)","(237,136)","(257,88)","(258,91)","(256,89)","(309,121)","(339,118)","(324,125)","(320,106)","(333,113)","(330,126)","(324,115)","(298,125)","(322,128)","(340,129)","(324,123)","(330,104)","(338,129)","(330,111)","(312,105)","(347,120)","(320,129)","(346,124)","(329,136)","(306,140)","(324,140)","(368,117)","(353,139)","(363,120)","(352,88)","(365,96)","(357,98)","(361,138)"
59.jpg,"(152,97)","(157,86)","(149,101)","(159,84)","(155,116)","(153,86)","(151,109)","(151,97)","(155,102)","(155,109)","(153,117)","(155,120)","(170,92)","(169,87)","(168,85)","(182,90)","(178,93)","(180,95)","(209,110)","(213,106)","(212,110)","(264,103)","(267,102)","(263,97)","(260,97)","(248,94)","(239,110)","(258,112)","(235,96)","(264,107)","(236,110)","(247,106)","(239,93)","(250,96)","(256,91)","(260,98)","(242,92)","(235,111)","(250,103)","(261,108)","(238,115)","(244,95)","(236,111)","(248,95)","(247,105)","(250,95)","(234,106)","(286,107)","(285,108)","(286,110)","(319,95)","(317,85)","(316,85)","(331,94)","(329,88)","(330,89)","(343,82)","(350,98)","(347,101)","(350,105)","(346,103)","(348,114)","(345,111)","(346,109)","(345,117)","(347,98)","(348,117)","(348,105)"
6.jpg,"(188,85)","(184,78)","(189,82)","(185,72)","(189,80)","(190,59)","(189,55)","(186,77)","(189,84)","(196,78)","(203,83)","(215,85)","(203,84)","(213,84)","(212,75)","(220,75)","(204,87)","(202,66)","(196,81)","(213,64)","(221,76)","(209,75)","(211,85)","(215,76)","(218,74)","(203,86)","(201,86)","(230,70)","(234,67)","(234,66)","(230,73)","(229,79)","(238,68)","(239,63)","(245,80)","(243,82)","(244,80)","(246,80)","(276,83)","(268,78)","(268,85)","(255,76)","(263,86)","(273,67)","(270,87)","(260,63)","(265,85)","(277,80)","(270,75)","(278,73)","(276,78)","(269,78)","(253,78)","(265,63)","(267,83)","(263,87)","(257,83)","(254,70)","(276,76)","(266,87)","(289,65)","(288,80)","(283,86)","(290,77)","(286,87)","(292,71)","(287,79)","(289,69)"
60.jpg,"(189,62)","(192,92)","(188,86)","(186,63)","(189,69)","(192,57)","(184,81)","(192,59)","(192,98)","(189,67)","(190,97)","(197,102)","(214,102)","(212,97)","(248,104)","(258,98)","(241,104)","(258,95)","(244,97)","(259,70)","(247,67)","(254,69)","(254,73)","(277,80)","(303,82)","(293,77)","(299,78)","(274,89)","(283,70)","(304,89)","(280,66)","(281,67)","(306,89)","(279,75)","(305,91)","(289,70)","(274,83)","(303,94)","(269,79)","(306,85)","(281,66)","(289,72)","(292,71)","(324,66)","(314,70)","(313,72)","(316,77)","(319,73)","(339,96)","(344,98)","(349,96)","(347,95)","(342,101)","(354,96)","(360,91)","(361,95)","(380,91)","(372,55)","(373,51)","(378,80)","(385,68)","(378,65)","(372,100)","(371,101)","(380,62)","(383,87)","(374,100)","(382,61)"
61.jpg,"(182,94)","(183,66)","(182,69)","(181,90)","(178,90)","(178,88)","(183,93)","(182,86)","(182,60)","(186,62)","(180,98)","(182,74)","(201,91)","(213,71)","(192,90)","(225,94)","(227,81)","(215,71)","(208,71)","(213,97)","(226,86)","(226,84)","(224,90)","(226,89)","(220,77)","(241,69)","(252,86)","(248,93)","(256,80)","(253,71)","(254,66)","(258,64)","(241,80)","(254,79)","(238,91)","(241,83)","(256,89)","(246,70)","(252,83)","(253,92)","(255,84)","(247,72)","(250,71)","(239,88)","(257,62)","(236,75)","(254,74)","(243,70)","(265,75)","(281,90)","(272,73)","(269,89)","(267,86)","(282,74)","(270,74)","(267,80)","(276,90)","(301,62)","(307,87)","(302,79)","(300,99)","(300,63)","(301,68)","(298,61)","(305,68)","(305,90)","(305,92)","(300,88)"
62.jpg,"(184,61)","(180,90)","(182,70)","(182,84)","(184,63)","(181,67)","(187,95)","(187,53)","(182,73)","(210,80)","(206,67)","(207,85)","(191,74)","(196,69)","(208,80)","(212,67)","(198,85)","(199,68)","(205,74)","(195,68)","(213,67)","(201,84)","(203,71)","(204,71)","(214,73)","(210,85)","(206,71)","(202,77)","(195,80)","(228,94)","(262,71)","(265,69)","(270,80)","(275,79)","(271,90)","(255,72)","(249,83)","(250,91)","(267,79)","(273,74)","(269,72)","(279,68)","(251,69)","(289,97)","(312,67)","(309,68)","(325,83)","(323,69)","(313,67)","(325,84)","(321,66)","(326,67)","(322,73)","(326,72)","(310,82)","(308,75)","(331,73)","(318,82)","(319,65)","(344,59)","(347,64)","(341,55)","(343,73)","(345,77)","(348,74)","(349,81)","(344,60)","(341,59)"
63.jpg,"(134,91)","(136,88)","(135,97)","(140,133)","(131,100)","(128,111)","(129,113)","(133,118)","(137,131)","(148,109)","(151,102)","(166,113)","(149,112)","(167,105)","(145,103)","(147,115)","(146,115)","(160,117)","(153,109)","(151,114)","(161,118)","(147,116)","(147,105)","(144,103)","(167,103)","(169,100)","(168,104)","(162,102)","(167,115)","(188,133)","(192,114)","(195,111)","(223,113)","(226,116)","(196,110)","(210,106)","(226,114)","(230,108)","(222,120)","(219,108)","(227,114)","(209,104)","(239,133)","(272,103)","(260,119)","(265,119)","(252,103)","(275,115)","(257,117)","(260,100)","(253,101)","(250,109)","(254,111)","(268,98)","(264,107)","(254,112)","(261,102)","(272,116)","(286,133)","(288,104)","(290,120)","(288,111)","(282,132)","(294,113)","(289,97)","(285,126)","(283,130)","(287,90)"
64.jpg,"(170,110)","(168,125)","(166,160)","(164,156)","(165,159)","(168,126)","(165,117)","(171,158)","(213,136)","(182,133)","(188,137)","(207,134)","(203,125)","(181,147)","(188,132)","(187,149)","(186,153)","(180,140)","(186,141)","(228,165)","(282,128)","(293,151)","(295,150)","(256,171)","(246,159)","(245,151)","(244,129)","(259,154)","(243,151)","(283,142)","(258,130)","(249,154)","(256,169)","(264,164)","(274,126)","(274,129)","(262,148)","(296,148)","(253,127)","(246,158)","(278,157)","(253,124)","(250,129)","(293,170)","(247,161)","(246,162)","(262,163)","(309,166)","(337,146)","(331,149)","(348,131)","(360,152)","(351,153)","(357,143)","(359,137)","(362,138)","(349,159)","(331,126)","(340,159)","(331,132)","(377,156)","(376,143)","(368,168)","(375,158)","(380,146)","(375,156)","(373,121)","(376,119)"
65.jpg,"(133,109)","(124,81)","(132,66)","(128,88)","(128,89)","(127,108)","(150,112)","(167,115)","(170,113)","(168,102)","(157,84)","(157,80)","(179,88)","(186,111)","(174,87)","(177,105)","(172,85)","(195,96)","(229,111)","(241,93)","(224,93)","(200,91)","(213,101)","(225,94)","(243,103)","(230,93)","(207,99)","(229,90)","(205,102)","(205,88)","(201,113)","(215,110)","(205,91)","(229,103)","(216,110)","(193,106)","(228,91)","(235,105)","(185,78)","(210,107)","(209,88)","(217,108)","(243,102)","(196,110)","(197,105)","(260,113)","(252,89)","(250,89)","(248,86)","(249,84)","(271,105)","(266,101)","(276,113)","(269,105)","(272,107)","(302,113)","(285,94)","(286,96)","(286,106)","(284,102)","(285,98)","(317,94)","(318,75)","(320,75)","(326,91)","(320,103)","(318,109)","(313,113)"
66.jpg,"(113,120)","(120,108)","(119,132)","(114,122)","(119,109)","(117,133)","(122,134)","(117,122)","(118,127)","(120,103)","(164,106)","(165,106)","(149,117)","(161,117)","(169,129)","(172,131)","(154,124)","(152,126)","(151,136)","(140,138)","(161,131)","(222,131)","(208,110)","(222,133)","(203,120)","(213,127)","(197,126)","(198,128)","(218,127)","(197,140)","(225,129)","(217,123)","(198,130)","(196,133)","(225,138)","(222,136)","(199,127)","(213,117)","(193,138)","(225,136)","(220,123)","(249,106)","(279,107)","(261,115)","(251,115)","(252,133)","(279,124)","(273,122)","(274,122)","(262,126)","(257,128)","(263,125)","(306,109)","(299,137)","(302,107)","(302,99)","(296,94)","(294,138)","(304,110)","(302,104)","(305,127)","(331,109)","(340,118)","(330,133)","(342,121)","(339,110)","(351,134)","(346,135)"
67.jpg,"(193,97)","(195,95)","(207,98)","(207,92)","(238,127)","(221,124)","(225,117)","(245,107)","(224,122)","(221,111)","(240,96)","(244,116)","(223,117)","(226,118)","(218,113)","(243,123)","(226,97)","(224,95)","(244,108)","(223,105)","(231,126)","(227,119)","(247,106)","(244,126)","(239,127)","(225,116)","(220,125)","(237,123)","(238,125)","(247,104)","(244,104)","(244,111)","(233,119)","(240,103)","(223,98)","(255,89)","(254,89)","(258,93)","(272,100)","(277,117)","(283,96)","(279,119)","(272,111)","(286,124)","(270,110)","(289,100)","(291,102)","(287,125)","(291,109)","(281,94)","(294,114)","(274,121)","(272,102)","(282,96)","(271,102)","(275,114)","(270,126)","(272,97)","(286,127)","(294,126)","(268,113)","(273,122)","(272,125)","(280,124)","(306,93)","(302,90)","(321,95)","(316,94)"
68.jpg,"(218,110)","(224,133)","(222,101)","(223,132)","(220,108)","(219,126)","(224,135)","(220,135)","(221,125)","(221,103)","(220,121)","(221,112)","(217,112)","(218,120)","(243,123)","(251,123)","(234,123)","(233,122)","(242,130)","(234,127)","(251,125)","(237,125)","(238,126)","(272,121)","(260,107)","(281,108)","(267,122)","(271,112)","(270,115)","(279,110)","(268,121)","(271,120)","(275,120)","(280,110)","(276,107)","(274,122)","(285,111)","(261,113)","(269,113)","(287,110)","(267,118)","(265,111)","(268,107)","(309,125)","(303,133)","(298,131)","(293,124)","(308,125)","(302,132)","(307,125)","(291,125)","(301,125)","(321,99)","(329,116)","(320,140)","(328,109)","(324,118)","(326,130)","(321,102)","(323,103)","(322,108)","(320,132)","(327,131)","(320,96)","(321,138)","(319,101)","(323,111)","(323,138)"
69.jpg,"(166,98)","(168,131)","(163,113)","(166,91)","(162,98)","(168,120)","(186,122)","(199,100)","(196,105)","(202,96)","(182,124)","(209,114)","(183,98)","(200,101)","(202,100)","(193,99)","(210,106)","(205,110)","(196,100)","(196,109)","(179,111)","(195,120)","(208,118)","(199,123)","(215,119)","(181,122)","(177,114)","(188,96)","(211,118)","(241,129)","(242,101)","(239,121)","(262,94)","(242,127)","(236,126)","(236,98)","(237,124)","(268,96)","(266,130)","(262,98)","(259,113)","(242,119)","(314,102)","(314,112)","(299,113)","(307,101)","(297,112)","(316,122)","(309,118)","(308,119)","(307,97)","(314,125)","(312,105)","(310,130)","(291,109)","(308,104)","(289,119)","(325,112)","(324,104)","(292,113)","(321,117)","(306,95)","(340,119)","(341,119)","(337,93)","(335,92)","(338,86)","(333,84)"
7.jpg,"(193,107)","(190,108)","(198,101)","(190,106)","(195,106)","(195,89)","(179,98)","(196,93)","(197,99)","(197,93)","(194,102)","(194,111)","(195,105)","(190,91)","(180,92)","(197,92)","(182,94)","(193,109)","(206,90)","(204,88)","(208,84)","(207,87)","(209,109)","(205,105)","(211,81)","(209,113)","(206,104)","(215,105)","(232,114)","(228,107)","(223,89)","(231,97)","(220,89)","(215,96)","(219,90)","(231,93)","(229,108)","(228,105)","(228,99)","(229,100)","(216,91)","(219,95)","(252,108)","(256,110)","(281,92)","(281,98)","(282,103)","(295,108)","(279,107)","(288,103)","(294,102)","(294,113)","(283,96)","(295,112)","(296,112)","(288,104)","(281,103)","(318,112)","(319,108)","(341,79)","(347,93)","(346,90)","(340,114)","(345,89)","(345,110)","(340,112)","(346,107)","(348,98)"
70.jpg,"(145,95)","(149,100)","(145,87)","(153,121)","(151,125)","(142,99)","(147,108)","(145,107)","(145,106)","(148,100)","(155,128)","(144,97)","(191,107)","(184,110)","(184,93)","(165,96)","(176,113)","(185,92)","(190,99)","(187,94)","(171,110)","(189,96)","(171,99)","(179,114)","(180,92)","(179,92)","(166,90)","(187,108)","(184,114)","(182,90)","(169,112)","(166,112)","(174,104)","(204,124)","(204,121)","(255,119)","(254,104)","(247,119)","(243,119)","(248,117)","(225,100)","(253,111)","(228,113)","(227,102)","(257,120)","(253,106)","(247,99)","(240,117)","(241,118)","(250,118)","(239,98)","(253,113)","(251,111)","(242,118)","(275,121)","(278,124)","(300,116)","(292,121)","(298,88)","(296,125)","(303,109)","(293,87)","(295,106)","(295,88)","(297,89)","(299,113)","(295,119)","(296,87)"
71.jpg,"(154,142)","(152,142)","(146,125)","(143,118)","(154,97)","(148,109)","(148,125)","(146,110)","(148,99)","(164,113)","(188,118)","(188,111)","(182,106)","(191,133)","(164,110)","(164,126)","(173,141)","(174,139)","(163,118)","(167,119)","(189,123)","(208,123)","(203,100)","(227,99)","(211,134)","(225,113)","(221,104)","(225,127)","(218,133)","(222,110)","(211,110)","(208,131)","(219,129)","(222,130)","(217,107)","(221,117)","(216,134)","(272,122)","(273,121)","(242,137)","(263,140)","(259,102)","(271,132)","(235,113)","(237,122)","(236,111)","(270,132)","(272,124)","(274,120)","(233,120)","(240,130)","(235,130)","(244,138)","(252,99)","(270,131)","(236,106)","(232,127)","(243,107)","(252,121)","(287,101)","(296,130)","(286,139)","(293,114)","(293,109)","(292,105)","(295,107)","(296,105)","(293,120)"
72.jpg,"(122,141)","(126,149)","(122,109)","(121,145)","(120,116)","(123,128)","(122,122)","(127,149)","(128,108)","(122,133)","(136,148)","(139,142)","(158,144)","(187,113)","(158,147)","(192,131)","(162,107)","(153,119)","(159,108)","(183,111)","(158,143)","(160,144)","(186,113)","(155,112)","(163,146)","(155,139)","(180,107)","(157,143)","(185,112)","(172,108)","(154,114)","(154,120)","(151,115)","(187,139)","(154,131)","(182,144)","(170,130)","(223,138)","(200,105)","(203,140)","(212,117)","(198,110)","(206,115)","(218,127)","(214,137)","(225,128)","(220,129)","(224,113)","(209,115)","(202,125)","(208,137)","(196,113)","(204,136)","(203,114)","(209,138)","(224,139)","(243,126)","(229,125)","(254,113)","(253,148)","(250,146)","(257,124)","(261,130)","(257,139)","(254,139)","(253,106)","(256,117)","(259,126)"
73.jpg,"(228,103)","(247,88)","(275,86)","(243,79)","(244,92)","(266,113)","(231,112)","(231,124)","(271,105)","(228,90)","(258,119)","(276,85)","(241,91)","(229,110)","(227,120)","(232,119)","(239,81)","(231,114)","(229,112)","(242,87)","(246,85)","(267,110)","(267,122)","(243,88)","(253,119)","(272,114)","(236,76)","(269,123)","(233,122)","(269,106)","(255,113)","(273,105)","(224,102)","(271,81)","(273,124)","(228,114)","(254,106)","(249,93)","(272,102)","(250,100)","(252,118)","(235,134)","(271,124)","(257,117)","(228,86)","(289,124)","(294,91)","(293,105)","(287,130)","(291,103)","(288,86)","(293,108)","(290,122)","(296,105)","(294,97)","(282,77)","(284,77)","(288,90)","(289,119)","(295,99)","(344,137)","(319,140)","(345,138)","(337,133)","(337,134)","(328,140)","(339,143)","(333,136)"
74.jpg,"(133,106)","(142,137)","(128,126)","(135,141)","(128,120)","(132,108)","(151,117)","(156,97)","(149,119)","(162,132)","(157,133)","(157,125)","(155,95)","(178,114)","(179,133)","(185,132)","(179,125)","(178,102)","(173,108)","(178,135)","(235,115)","(238,120)","(203,96)","(231,138)","(236,94)","(238,104)","(238,125)","(235,139)","(257,94)","(285,90)","(275,96)","(256,125)","(274,114)","(254,108)","(278,127)","(281,85)","(255,94)","(258,113)","(280,80)","(285,89)","(268,93)","(280,121)","(258,118)","(279,89)","(287,86)","(290,143)","(295,142)","(327,114)","(321,85)","(310,138)","(316,81)","(319,116)","(324,117)","(315,138)","(343,129)","(345,106)","(334,137)","(341,83)","(342,95)","(338,141)","(345,126)","(374,120)","(361,78)","(372,98)","(366,129)","(372,106)","(365,98)","(362,81)"
75.jpg,"(171,148)","(166,142)","(169,142)","(173,155)","(166,125)","(165,150)","(171,120)","(168,154)","(167,112)","(184,145)","(209,136)","(196,122)","(184,131)","(194,127)","(185,139)","(211,147)","(211,144)","(191,147)","(186,148)","(215,133)","(201,153)","(200,123)","(201,126)","(201,136)","(228,143)","(229,125)","(246,143)","(248,144)","(247,128)","(246,128)","(251,124)","(231,123)","(228,146)","(231,122)","(232,136)","(247,132)","(240,144)","(250,111)","(235,124)","(243,121)","(227,133)","(248,139)","(221,119)","(247,116)","(269,149)","(291,136)","(262,140)","(264,125)","(279,149)","(259,134)","(282,150)","(286,133)","(284,146)","(289,142)","(276,152)","(274,148)","(257,133)","(261,140)","(276,139)","(309,140)","(305,155)","(310,140)","(306,149)","(299,111)","(307,142)","(309,116)","(306,127)","(305,113)"
76.jpg,"(134,106)","(144,123)","(138,94)","(134,95)","(135,101)","(136,108)","(133,104)","(138,115)","(166,105)","(162,92)","(154,109)","(159,112)","(152,100)","(167,99)","(165,100)","(168,95)","(173,102)","(163,108)","(157,110)","(153,112)","(209,112)","(206,98)","(217,119)","(201,105)","(202,117)","(206,111)","(195,113)","(202,107)","(203,120)","(210,109)","(206,105)","(207,125)","(208,123)","(194,106)","(194,118)","(197,125)","(204,106)","(197,108)","(196,125)","(204,108)","(206,109)","(211,106)","(191,108)","(207,106)","(235,113)","(252,99)","(236,113)","(251,107)","(237,102)","(247,97)","(244,111)","(241,96)","(248,96)","(244,95)","(234,109)","(250,108)","(266,92)","(264,94)","(263,110)","(282,116)","(276,82)","(281,112)","(281,105)","(282,121)","(287,100)","(280,113)","(282,118)","(287,97)"
77.jpg,"(188,126)","(187,106)","(193,144)","(189,127)","(184,112)","(184,120)","(191,108)","(191,143)","(190,131)","(187,103)","(191,98)","(188,128)","(218,140)","(228,141)","(228,143)","(221,127)","(225,142)","(231,137)","(219,139)","(230,131)","(218,141)","(235,109)","(251,142)","(245,130)","(255,126)","(242,118)","(253,141)","(239,106)","(243,106)","(250,140)","(236,112)","(264,121)","(244,134)","(254,108)","(264,118)","(264,120)","(245,136)","(264,114)","(265,110)","(242,132)","(268,114)","(260,113)","(242,115)","(244,127)","(263,119)","(239,121)","(287,131)","(273,142)","(272,140)","(284,132)","(288,139)","(276,138)","(272,138)","(276,139)","(273,135)","(321,121)","(313,106)","(319,128)","(316,102)","(321,128)","(315,136)","(315,109)","(316,100)","(315,138)","(320,111)","(311,144)","(318,109)","(319,127)"
78.jpg,"(110,86)","(111,83)","(109,72)","(115,68)","(117,68)","(113,88)","(115,59)","(113,70)","(130,103)","(182,95)","(152,69)","(170,103)","(184,96)","(149,98)","(144,82)","(183,94)","(188,80)","(147,77)","(151,100)","(157,100)","(161,65)","(144,88)","(161,67)","(162,106)","(148,71)","(174,65)","(183,74)","(161,86)","(194,87)","(201,94)","(219,72)","(230,85)","(195,81)","(194,78)","(197,82)","(196,82)","(224,90)","(215,90)","(229,77)","(213,81)","(225,69)","(200,84)","(211,73)","(281,84)","(265,105)","(266,102)","(275,73)","(245,101)","(244,101)","(259,104)","(258,104)","(277,98)","(276,71)","(237,80)","(239,85)","(236,83)","(259,105)","(241,97)","(260,89)","(289,106)","(318,87)","(313,63)","(317,83)","(314,99)","(316,77)","(313,89)","(314,100)","(316,67)"
79.jpg,"(183,80)","(186,111)","(181,91)","(179,96)","(189,110)","(184,109)","(184,106)","(180,95)","(190,73)","(187,74)","(189,79)","(184,91)","(182,84)","(213,106)","(196,107)","(203,113)","(207,106)","(203,114)","(197,106)","(205,112)","(237,106)","(221,96)","(237,90)","(222,98)","(221,111)","(236,94)","(225,110)","(223,104)","(233,101)","(233,98)","(238,96)","(228,87)","(237,87)","(224,82)","(227,86)","(235,109)","(223,89)","(233,107)","(219,90)","(251,114)","(253,113)","(252,114)","(256,102)","(246,105)","(250,104)","(247,108)","(272,95)","(268,95)","(270,94)","(279,108)","(276,111)","(280,93)","(280,92)","(272,106)","(275,110)","(280,94)","(297,76)","(301,87)","(296,112)","(302,79)","(301,74)","(295,115)","(303,96)","(304,90)","(298,85)","(300,86)","(305,88)","(300,100)"
8.jpg,"(190,108)","(193,85)","(178,86)","(188,101)","(187,87)","(193,82)","(180,83)","(175,96)","(190,94)","(177,100)","(190,99)","(182,102)","(175,92)","(187,102)","(196,94)","(203,80)","(202,105)","(197,98)","(201,82)","(200,100)","(201,100)","(199,94)","(212,107)","(225,97)","(265,107)","(241,103)","(245,98)","(243,99)","(265,101)","(244,103)","(261,94)","(248,89)","(245,101)","(244,98)","(253,99)","(254,100)","(247,96)","(259,91)","(262,97)","(278,92)","(290,74)","(306,86)","(296,98)","(319,94)","(293,105)","(293,75)","(291,107)","(306,105)","(314,95)","(294,75)","(294,102)","(299,95)","(316,91)","(292,75)","(306,99)","(302,89)","(296,101)","(304,102)","(305,100)","(317,92)","(319,87)","(298,100)","(311,99)","(297,91)","(306,93)","(313,83)","(310,101)","(299,92)"
80.jpg,"(196,116)","(197,126)","(194,128)","(200,132)","(196,120)","(196,128)","(192,124)","(197,123)","(197,106)","(192,107)","(194,122)","(199,125)","(220,132)","(220,126)","(226,129)","(229,124)","(225,122)","(227,124)","(229,123)","(231,126)","(223,123)","(251,118)","(234,114)","(235,118)","(264,113)","(259,109)","(238,120)","(237,118)","(264,114)","(242,108)","(258,110)","(254,104)","(251,107)","(247,105)","(265,115)","(256,104)","(241,108)","(254,106)","(264,109)","(257,109)","(238,107)","(259,120)","(250,113)","(265,120)","(243,104)","(234,109)","(246,106)","(267,124)","(271,121)","(269,131)","(269,125)","(282,127)","(278,129)","(269,127)","(270,131)","(278,128)","(302,114)","(304,123)","(301,127)","(297,97)","(306,108)","(297,99)","(301,129)","(304,125)","(302,133)","(304,101)","(297,98)","(303,106)"
81.jpg,"(179,153)","(185,133)","(181,116)","(171,141)","(163,138)","(187,121)","(180,122)","(183,125)","(163,133)","(178,113)","(186,118)","(171,153)","(169,151)","(167,125)","(167,133)","(174,153)","(183,136)","(166,125)","(166,152)","(164,115)","(187,122)","(180,137)","(163,152)","(182,117)","(170,140)","(230,120)","(206,138)","(220,132)","(223,127)","(203,128)","(231,117)","(234,113)","(213,143)","(211,141)","(226,115)","(226,123)","(221,138)","(225,126)","(199,120)","(223,130)","(199,114)","(201,121)","(216,115)","(203,122)","(246,147)","(245,136)","(268,129)","(261,113)","(267,120)","(241,127)","(254,143)","(262,118)","(242,134)","(262,153)","(243,125)","(255,113)","(253,115)","(251,143)","(256,153)","(242,150)","(247,138)","(266,149)","(250,144)","(247,120)","(262,132)","(243,153)","(256,117)","(262,125)"
82.jpg,"(138,101)","(134,121)","(140,97)","(137,133)","(139,128)","(138,112)","(144,137)","(136,129)","(140,95)","(185,103)","(185,114)","(181,129)","(171,105)","(159,132)","(156,124)","(159,137)","(178,104)","(157,105)","(182,121)","(203,115)","(214,122)","(198,143)","(237,147)","(198,125)","(238,132)","(239,111)","(238,100)","(226,127)","(241,125)","(239,106)","(237,116)","(224,101)","(237,136)","(236,132)","(199,143)","(224,120)","(235,141)","(202,137)","(225,111)","(236,143)","(212,111)","(237,141)","(199,125)","(197,123)","(213,135)","(239,118)","(233,145)","(235,142)","(199,109)","(233,102)","(250,149)","(247,145)","(295,127)","(288,120)","(286,119)","(293,131)","(290,123)","(285,128)","(277,103)","(294,137)","(320,123)","(319,115)","(312,137)","(316,103)","(310,92)","(312,130)","(319,114)","(314,139)"
83.jpg,"(170,127)","(173,136)","(178,108)","(179,160)","(168,144)","(167,122)","(181,158)","(172,156)","(201,129)","(195,140)","(217,143)","(202,148)","(216,143)","(190,127)","(200,126)","(199,161)","(193,123)","(193,120)","(190,128)","(213,130)","(209,118)","(187,132)","(183,127)","(217,156)","(235,156)","(298,120)","(256,114)","(251,156)","(260,167)","(252,140)","(266,115)","(267,153)","(297,135)","(272,117)","(301,112)","(267,134)","(266,167)","(282,118)","(277,165)","(257,116)","(286,152)","(266,159)","(285,153)","(303,115)","(258,141)","(292,114)","(270,117)","(297,145)","(267,118)","(258,135)","(284,120)","(255,121)","(252,137)","(284,155)","(252,132)","(272,132)","(256,139)","(286,130)","(258,159)","(321,155)","(346,139)","(348,149)","(343,146)","(342,113)","(348,119)","(344,121)","(335,160)","(344,143)"
84.jpg,"(156,121)","(158,109)","(163,130)","(154,99)","(155,123)","(157,127)","(153,117)","(152,111)","(155,108)","(169,127)","(187,116)","(176,120)","(188,122)","(178,132)","(176,123)","(189,138)","(186,116)","(180,130)","(181,112)","(182,127)","(194,126)","(186,111)","(186,120)","(195,112)","(178,119)","(199,123)","(202,138)","(241,137)","(225,107)","(216,90)","(241,125)","(221,92)","(236,138)","(215,103)","(225,118)","(219,91)","(221,114)","(222,98)","(247,138)","(222,135)","(233,103)","(246,90)","(231,103)","(238,138)","(229,101)","(221,101)","(242,133)","(246,103)","(247,91)","(223,128)","(229,131)","(224,137)","(229,123)","(264,135)","(284,123)","(282,121)","(285,123)","(285,124)","(280,99)","(280,95)","(277,91)","(282,118)","(287,111)","(302,110)","(301,109)","(302,120)","(311,127)","(308,118)"
85.jpg,"(176,91)","(178,92)","(174,95)","(175,82)","(171,113)","(169,102)","(177,112)","(177,90)","(207,125)","(192,93)","(211,124)","(205,104)","(201,112)","(196,98)","(206,112)","(208,122)","(205,123)","(199,115)","(193,94)","(195,116)","(196,119)","(190,103)","(200,90)","(200,125)","(223,124)","(247,88)","(250,87)","(282,106)","(240,108)","(265,114)","(246,113)","(276,90)","(278,98)","(280,129)","(252,127)","(260,85)","(242,129)","(281,128)","(267,110)","(246,87)","(276,104)","(254,121)","(271,86)","(278,105)","(265,122)","(256,124)","(282,92)","(255,106)","(269,119)","(254,98)","(246,93)","(239,87)","(280,130)","(255,111)","(255,115)","(276,126)","(251,125)","(280,119)","(271,88)","(294,123)","(317,104)","(318,95)","(314,126)","(321,101)","(318,86)","(317,85)","(316,98)","(313,82)"
86.jpg,"(156,97)","(157,104)","(163,68)","(158,102)","(154,92)","(158,83)","(159,71)","(154,99)","(178,76)","(168,85)","(167,84)","(177,65)","(165,85)","(178,65)","(177,115)","(176,96)","(180,115)","(175,109)","(175,96)","(178,118)","(183,77)","(190,76)","(187,65)","(184,78)","(191,85)","(189,81)","(185,119)","(193,93)","(186,94)","(188,108)","(185,109)","(185,105)","(185,104)","(208,80)","(229,88)","(207,90)","(215,105)","(220,106)","(217,75)","(229,87)","(205,79)","(228,90)","(256,96)","(261,76)","(255,96)","(261,70)","(241,80)","(260,78)","(243,91)","(243,77)","(239,74)","(255,75)","(259,71)","(237,81)","(235,77)","(244,84)","(238,68)","(259,88)","(253,75)","(274,110)","(263,113)","(281,100)","(282,66)","(289,89)","(283,81)","(278,105)","(284,81)","(287,80)"
87.jpg,"(138,116)","(135,115)","(136,98)","(139,116)","(139,112)","(140,121)","(160,84)","(160,77)","(163,97)","(162,104)","(153,103)","(148,111)","(156,116)","(153,114)","(156,111)","(162,117)","(169,90)","(170,95)","(171,79)","(168,104)","(172,110)","(182,111)","(170,125)","(186,116)","(170,123)","(219,99)","(209,95)","(221,111)","(195,118)","(192,107)","(222,117)","(207,124)","(210,99)","(195,113)","(254,109)","(251,116)","(255,112)","(255,89)","(228,94)","(241,94)","(254,110)","(258,107)","(253,114)","(253,121)","(257,84)","(228,86)","(258,95)","(253,112)","(250,98)","(236,100)","(235,110)","(235,104)","(296,98)","(280,92)","(271,111)","(297,111)","(300,111)","(270,108)","(298,103)","(279,120)","(294,106)","(287,94)","(315,122)","(315,98)","(316,107)","(311,83)","(320,117)","(318,99)"
88.jpg,"(174,125)","(167,118)","(167,139)","(172,145)","(172,116)","(177,110)","(169,144)","(167,126)","(195,138)","(187,127)","(219,146)","(221,121)","(187,139)","(228,131)","(193,148)","(188,133)","(194,140)","(214,145)","(216,120)","(226,124)","(205,149)","(212,128)","(255,127)","(282,125)","(266,130)","(290,134)","(264,114)","(282,140)","(256,113)","(280,117)","(276,130)","(251,131)","(278,143)","(255,125)","(266,145)","(253,113)","(242,122)","(265,145)","(273,132)","(245,135)","(253,145)","(270,150)","(256,151)","(247,150)","(246,164)","(279,165)","(331,151)","(326,119)","(302,123)","(333,131)","(303,121)","(331,152)","(318,115)","(330,157)","(334,131)","(301,138)","(299,138)","(332,130)","(297,140)","(317,135)","(349,131)","(350,118)","(355,122)","(351,113)","(347,116)","(352,122)","(344,104)","(353,130)"
89.jpg,"(120,128)","(119,125)","(123,128)","(111,102)","(120,127)","(121,87)","(113,111)","(140,85)","(139,106)","(136,89)","(133,107)","(135,106)","(124,104)","(142,117)","(140,127)","(134,134)","(142,132)","(137,116)","(131,117)","(149,94)","(145,97)","(151,82)","(154,106)","(149,81)","(145,121)","(148,131)","(163,118)","(153,118)","(154,118)","(159,114)","(192,99)","(191,116)","(169,127)","(193,119)","(177,128)","(168,109)","(193,117)","(168,104)","(229,114)","(221,113)","(229,97)","(228,111)","(217,108)","(226,112)","(226,97)","(237,99)","(228,116)","(222,117)","(230,97)","(240,104)","(228,112)","(227,97)","(276,121)","(298,111)","(273,119)","(299,128)","(276,125)","(298,96)","(296,100)","(275,106)","(298,114)","(321,113)","(315,107)","(320,105)","(320,117)","(318,97)","(318,115)","(317,106)"
9.jpg,"(219,168)","(223,133)","(223,173)","(217,162)","(221,139)","(213,159)","(221,170)","(215,158)","(219,136)","(225,175)","(240,172)","(240,165)","(244,166)","(240,176)","(243,173)","(262,178)","(280,152)","(293,167)","(270,169)","(278,164)","(294,171)","(277,144)","(285,155)","(297,171)","(273,157)","(298,171)","(282,149)","(276,160)","(283,154)","(284,151)","(310,172)","(325,138)","(327,162)","(327,174)","(332,155)","(324,136)","(331,166)","(329,157)","(331,165)","(325,173)","(362,157)","(362,159)","(348,161)","(363,159)","(354,156)","(377,156)","(386,162)","(380,170)","(377,155)","(390,155)","(372,155)","(386,156)","(385,148)","(383,165)","(387,161)","(388,161)","(379,166)","(367,161)","(371,173)","(388,156)","(383,153)","(379,154)","(385,157)","(380,142)","(390,172)","(387,159)","(384,143)","(392,166)"
90.jpg,"(167,83)","(168,83)","(170,86)","(172,47)","(170,82)","(164,64)","(162,63)","(170,90)","(167,81)","(169,79)","(168,76)","(170,78)","(166,53)","(173,47)","(168,64)","(178,89)","(186,86)","(219,76)","(221,76)","(218,75)","(213,80)","(215,80)","(226,69)","(230,65)","(197,69)","(235,67)","(232,65)","(209,77)","(250,87)","(248,84)","(271,67)","(265,59)","(274,84)","(256,80)","(269,80)","(271,70)","(271,71)","(265,64)","(262,61)","(264,66)","(276,76)","(262,68)","(279,67)","(272,85)","(264,70)","(273,80)","(271,84)","(275,86)","(273,87)","(265,80)","(280,79)","(274,79)","(292,59)","(295,77)","(290,86)","(294,71)","(288,49)","(291,53)","(296,67)","(292,69)","(289,72)","(295,72)","(290,51)","(294,75)","(290,84)","(289,51)","(292,67)","(288,79)"
91.jpg,"(124,84)","(128,83)","(119,115)","(128,125)","(120,93)","(120,96)","(118,106)","(120,100)","(117,106)","(121,89)","(120,115)","(121,110)","(129,79)","(121,83)","(162,112)","(157,114)","(156,113)","(197,130)","(205,124)","(256,104)","(218,114)","(252,112)","(236,109)","(246,117)","(234,113)","(235,97)","(252,102)","(249,109)","(249,120)","(236,98)","(238,96)","(235,106)","(231,108)","(220,110)","(256,99)","(218,93)","(255,109)","(256,107)","(233,105)","(220,106)","(223,114)","(238,110)","(234,105)","(220,105)","(248,118)","(230,94)","(250,109)","(249,95)","(236,113)","(270,127)","(265,126)","(303,106)","(308,107)","(306,106)","(348,104)","(352,113)","(346,123)","(350,83)","(352,119)","(347,126)","(346,89)","(348,123)","(355,112)","(352,101)","(351,101)","(341,79)","(350,96)","(351,97)"
92.jpg,"(186,110)","(203,122)","(217,114)","(187,89)","(208,79)","(220,114)","(219,88)","(194,117)","(191,93)","(193,91)","(208,121)","(199,82)","(184,95)","(225,94)","(228,106)","(190,109)","(231,95)","(205,120)","(203,79)","(194,84)","(225,116)","(223,96)","(231,96)","(209,103)","(275,124)","(270,120)","(273,121)","(302,108)","(249,112)","(259,112)","(260,115)","(264,115)","(267,134)","(266,134)","(250,123)","(272,86)","(271,103)","(292,86)","(293,102)","(283,104)","(289,95)","(295,102)","(258,101)","(291,83)","(267,104)","(295,92)","(268,105)","(285,131)","(280,136)","(287,135)","(334,80)","(355,88)","(323,112)","(340,117)","(327,96)","(343,122)","(339,122)","(365,97)","(335,82)","(352,85)","(323,93)","(346,80)","(367,96)","(321,99)","(358,114)","(366,108)","(331,86)","(347,102)"
93.jpg,"(99,168)","(96,147)","(98,128)","(98,167)","(101,121)","(93,139)","(100,139)","(101,113)","(98,135)","(91,150)","(102,118)","(94,157)","(100,132)","(146,125)","(146,127)","(144,123)","(154,156)","(144,160)","(224,151)","(252,169)","(254,168)","(278,141)","(302,115)","(297,127)","(265,121)","(295,148)","(303,154)","(299,114)","(295,152)","(280,154)","(291,125)","(273,127)","(300,137)","(297,152)","(299,156)","(299,134)","(280,136)","(269,125)","(301,121)","(304,155)","(290,124)","(304,127)","(300,115)","(276,150)","(300,142)","(296,156)","(299,123)","(273,112)","(300,134)","(270,116)","(326,157)","(330,146)","(328,151)","(353,172)","(358,176)","(380,113)","(382,119)","(386,158)","(377,173)","(388,139)","(374,111)","(375,165)","(378,171)","(383,130)","(385,140)","(384,129)","(386,128)","(386,137)"
94.jpg,"(203,125)","(203,133)","(206,126)","(196,130)","(198,121)","(201,125)","(195,122)","(199,122)","(202,125)","(196,121)","(203,117)","(205,132)","(208,120)","(205,123)","(203,127)","(200,125)","(191,122)","(229,95)","(214,96)","(241,92)","(235,94)","(231,92)","(212,92)","(227,91)","(248,92)","(245,94)","(237,96)","(215,93)","(227,94)","(242,93)","(221,91)","(242,91)","(275,113)","(276,137)","(275,114)","(282,116)","(272,133)","(277,114)","(285,115)","(274,135)","(276,133)","(282,120)","(272,136)","(277,131)","(283,128)","(285,129)","(284,121)","(274,141)","(281,115)","(321,130)","(320,121)","(319,120)","(322,130)","(321,120)","(316,130)","(316,126)","(323,130)","(314,124)","(329,123)","(326,121)","(328,124)","(325,127)","(320,128)","(327,122)","(327,126)","(324,126)","(315,130)","(316,131)"
95.jpg,"(157,79)","(160,81)","(157,110)","(153,85)","(150,102)","(152,111)","(157,109)","(153,89)","(150,97)","(187,113)","(170,103)","(173,102)","(184,118)","(175,102)","(183,112)","(173,101)","(220,103)","(215,108)","(220,106)","(217,105)","(217,128)","(261,102)","(260,96)","(256,109)","(231,97)","(261,106)","(232,93)","(260,104)","(269,101)","(258,89)","(247,100)","(235,95)","(277,107)","(279,102)","(231,103)","(234,107)","(257,100)","(257,106)","(257,96)","(255,93)","(231,112)","(238,112)","(240,90)","(247,107)","(268,104)","(248,91)","(278,107)","(239,123)","(250,121)","(246,120)","(279,127)","(294,91)","(288,116)","(300,100)","(315,106)","(291,113)","(292,87)","(290,93)","(294,111)","(289,108)","(284,120)","(291,86)","(293,90)","(303,102)","(293,97)","(284,77)","(294,98)","(296,98)"
96.jpg,"(179,95)","(181,101)","(183,83)","(180,90)","(187,104)","(183,94)","(180,77)","(178,78)","(180,85)","(179,84)","(183,104)","(181,84)","(183,93)","(178,87)","(183,69)","(183,105)","(213,78)","(207,98)","(216,94)","(215,91)","(218,81)","(219,87)","(210,80)","(215,90)","(208,96)","(259,78)","(259,74)","(245,106)","(250,99)","(252,93)","(257,81)","(255,89)","(262,76)","(254,87)","(256,95)","(278,105)","(272,100)","(260,94)","(248,102)","(253,91)","(249,106)","(254,94)","(266,94)","(257,95)","(252,98)","(268,85)","(248,104)","(255,84)","(294,92)","(295,88)","(302,88)","(296,93)","(321,91)","(323,89)","(322,93)","(319,74)","(320,84)","(318,72)","(316,73)","(315,63)","(315,68)","(312,64)","(321,73)","(321,98)","(317,95)","(317,73)","(316,69)","(318,73)"
97.jpg,"(132,92)","(122,77)","(121,80)","(127,90)","(127,77)","(130,91)","(126,61)","(127,79)","(125,83)","(146,92)","(153,92)","(144,91)","(181,82)","(179,75)","(182,71)","(211,84)","(201,92)","(197,59)","(196,91)","(182,88)","(180,76)","(185,88)","(201,78)","(197,84)","(187,90)","(194,91)","(203,82)","(189,61)","(193,61)","(185,91)","(248,79)","(244,82)","(245,78)","(298,65)","(277,91)","(303,86)","(293,63)","(302,67)","(298,88)","(297,78)","(278,86)","(288,88)","(292,63)","(294,88)","(286,92)","(274,64)","(274,76)","(293,86)","(288,93)","(291,63)","(291,93)","(287,89)","(276,91)","(270,80)","(289,92)","(279,62)","(334,90)","(345,76)","(330,93)","(357,81)","(357,85)","(365,81)","(357,89)","(363,72)","(358,79)","(360,74)","(365,69)","(363,69)"
98.jpg,"(140,81)","(142,76)","(134,102)","(141,111)","(135,98)","(137,104)","(134,87)","(138,103)","(140,105)","(134,97)","(138,85)","(140,77)","(138,99)","(132,94)","(138,97)","(135,82)","(136,97)","(138,77)","(139,100)","(138,86)","(135,107)","(134,104)","(198,113)","(193,108)","(198,110)","(221,103)","(225,98)","(269,85)","(276,92)","(256,85)","(252,88)","(268,87)","(270,85)","(274,95)","(251,88)","(269,87)","(257,84)","(265,85)","(249,95)","(265,86)","(246,95)","(300,99)","(299,102)","(301,101)","(341,110)","(341,112)","(343,111)","(344,117)","(342,110)","(370,107)","(371,97)","(367,110)","(366,77)","(372,89)","(369,79)","(368,82)","(376,99)","(369,113)","(370,108)","(370,82)","(368,109)","(374,95)","(374,105)","(371,92)","(371,106)","(376,90)","(370,85)","(373,102)"
99.jpg,"(196,96)","(199,117)","(194,71)","(195,75)","(199,110)","(189,88)","(194,60)","(198,118)","(190,81)","(232,78)","(247,73)","(255,82)","(256,115)","(241,110)","(253,116)","(248,98)","(252,121)","(265,90)","(258,108)","(257,109)","(249,116)","(252,94)","(257,80)","(248,121)","(322,92)","(308,69)","(297,84)","(317,93)","(316,89)","(324,85)","(302,98)","(301,71)","(286,74)","(314,98)","(282,108)","(271,88)","(316,92)","(315,105)","(298,83)","(270,87)","(293,83)","(274,83)","(288,74)","(296,82)","(332,110)","(357,115)","(347,93)","(360,85)","(351,120)","(359,103)","(359,83)","(351,100)","(336,70)","(353,69)","(352,74)","(339,70)","(330,112)","(357,76)","(343,121)","(377,65)","(385,99)","(378,90)","(383,76)","(379,83)","(386,79)","(378,74)","(372,58)","(372,57)"
